imf_code,country,year,inflation,lower,upper,midpoint,deviation,ToT,VarToT
914,Albania,1999,0.402318686,#N/A,#N/A,#N/A,#N/A,102.6741867,
213,Argentina,1999,-1.167000055,#N/A,#N/A,#N/A,#N/A,93.9120331,
911,Armenia,1999,0.648000002,#N/A,#N/A,#N/A,#N/A,109.7561188,
193,Australia,1999,1.483132124,2,4,3,-1.516867876,94.9816055,
223,Brazil,1999,4.858446121,6,10,8,-3.141553879,98.3406372,
156,Canada,1999,1.734848857,1,3,2,-0.265151143,96.8013,
228,Chile,1999,3.336886644,2,4,3,0.336886644,89.8309708,
233,Colombia,1999,10.87339687,#N/A,#N/A,#N/A,#N/A,94.4058838,
238,Costa Rica,1999,10.04512215,#N/A,#N/A,#N/A,#N/A,103.1140747,
935,Czech Republic,1999,2.135452271,2,4,3,-0.864547729,105.4101105,
243,Dominican Republic,1999,6.483531475,#N/A,#N/A,#N/A,#N/A,102.9632034,
184,Spain,1999,2.310335398,2,3,2.5,-0.189664602,103.557045,
172,Finland,1999,1.162241459,1,3,2,-0.837758541,103.7912979,
112,United Kingdom,1999,1.823275447,1,4,2.5,-0.676724553,99.7735291,
915,Georgia,1999,19.17058182,#N/A,#N/A,#N/A,#N/A,105.4044952,
652,Ghana,1999,12.47099972,#N/A,#N/A,#N/A,#N/A,104.1191788,
258,Guatemala,1999,5.212134361,#N/A,#N/A,#N/A,#N/A,104.5682373,
944,Hungary,1999,9.997738838,#N/A,#N/A,#N/A,#N/A,102.5459061,
536,Indonesia,1999,20.47782516,#N/A,#N/A,#N/A,#N/A,94.9090347,
534,India,1999,4.669818401,#N/A,#N/A,#N/A,#N/A,104.1667328,
176,Iceland,1999,3.231829405,#N/A,#N/A,#N/A,#N/A,103.5674286,
436,Israel,1999,5.160449028,3,4,3.5,1.660449028,104.8022003,
343,Jamaica,1999,5.896718025,#N/A,#N/A,#N/A,#N/A,111.2350998,
158,Japan,1999,-0.341289818,#N/A,#N/A,#N/A,#N/A,102.6036377,
916,Kazakhstan,1999,8.374212265,#N/A,#N/A,#N/A,#N/A,69.9807053,
664,Kenya,1999,5.788454056,#N/A,#N/A,#N/A,#N/A,104.3142014,
542,"Korea, Rep.",1999,0.812987089,2,4,3,-2.187012911,108.1760559,
921,Moldova,1999,39.26200104,#N/A,#N/A,#N/A,#N/A,113.9192505,
273,Mexico,1999,16.58561897,#N/A,#N/A,#N/A,#N/A,98.007431,
142,Norway,1999,2.365965843,#N/A,#N/A,#N/A,#N/A,80.0648346,
196,New Zealand,1999,-0.114265092,0.01,3,1.505,-1.619265092,102.5675659,
293,Peru,1999,3.47117877,#N/A,#N/A,#N/A,#N/A,96.6665192,
566,Philippines,1999,5.953670025,#N/A,#N/A,#N/A,#N/A,106.7499466,
964,Poland,1999,7.154071808,7,8,7.5,-0.345928192,102.0207901,
288,Paraguay,1999,6.702338219,#N/A,#N/A,#N/A,#N/A,99.1398849,
968,Romania,1999,45.85689545,#N/A,#N/A,#N/A,#N/A,100.7592392,
922,Russian Federation,1999,85.74649048,#N/A,#N/A,#N/A,#N/A,81.4042358,
942,Serbia,1999,41.09999847,#N/A,#N/A,#N/A,#N/A,106.8738632,
718,Seychelles,1999,6.300000191,#N/A,#N/A,#N/A,#N/A,120.6056213,
524,Sri Lanka,1999,4.691999912,#N/A,#N/A,#N/A,#N/A,105.9019165,
144,Sweden,1999,0.462179214,1,3,2,-1.537820786,101.7250443,
578,Thailand,1999,0.431744277,#N/A,#N/A,#N/A,#N/A,105.8455429,
186,Turkey,1999,64.86747742,#N/A,#N/A,#N/A,#N/A,105.5115738,
746,Uganda,1999,5.757665157,#N/A,#N/A,#N/A,#N/A,104.5855103,
926,Ukraine,1999,22.83146477,#N/A,#N/A,#N/A,#N/A,111.8274994,
298,Uruguay,1999,5.661448956,#N/A,#N/A,#N/A,#N/A,101.2511826,
927,Uzbekistan,1999,29.10300064,#N/A,#N/A,#N/A,#N/A,#N/A,
199,South Africa,1999,5.181487083,#N/A,#N/A,#N/A,#N/A,100.748024,
914,Albania,2000,0.025037711,#N/A,#N/A,#N/A,#N/A,102.2253571,-0.0043906
213,Argentina,2000,-0.93900001,#N/A,#N/A,#N/A,#N/A,94.28508,0.0039566
911,Armenia,2000,-0.791000009,#N/A,#N/A,#N/A,#N/A,104.2591324,-0.0527243
193,Australia,2000,4.457431316,2,4,3,1.457431316,95.4225998,0.0046215
223,Brazil,2000,7.044143677,4,8,6,1.044143677,98.073204,-0.0027269
156,Canada,2000,2.719438553,1,3,2,0.719438553,97.8303528,0.0105187
228,Chile,2000,3.84326911,2,4,3,0.84326911,90.0830536,0.0027983
233,Colombia,2000,9.222572327,7,9,8,1.222572327,94.8970795,0.0051761
238,Costa Rica,2000,10.96227837,#N/A,#N/A,#N/A,#N/A,101.7192688,-0.0137123
935,Czech Republic,2000,3.77538538,2,4,3,0.77538538,103.9676971,-0.0138737
243,Dominican Republic,2000,7.768033504,#N/A,#N/A,#N/A,#N/A,101.4895782,-0.01452
184,Spain,2000,3.433526039,#N/A,#N/A,#N/A,#N/A,102.8913116,-0.0064703
172,Finland,2000,3.042093515,#N/A,#N/A,#N/A,#N/A,103.2961502,-0.0047935
112,United Kingdom,2000,1.101932645,1,4,2.5,-1.398067355,99.9665222,0.0019306
915,Georgia,2000,4.021670341,#N/A,#N/A,#N/A,#N/A,102.8388214,-0.0249485
652,Ghana,2000,25.11300087,#N/A,#N/A,#N/A,#N/A,101.9694748,-0.0210818
258,Guatemala,2000,5.975948334,#N/A,#N/A,#N/A,#N/A,102.9869461,-0.0153543
944,Hungary,2000,9.803609848,#N/A,#N/A,#N/A,#N/A,101.1912384,-0.0133872
536,Indonesia,2000,3.688616514,#N/A,#N/A,#N/A,#N/A,96.4488525,0.0159651
534,India,2000,4.009429455,#N/A,#N/A,#N/A,#N/A,103.1888962,-0.0094762
176,Iceland,2000,5.136472225,#N/A,#N/A,#N/A,#N/A,103.674942,0.001037
436,Israel,2000,1.050748825,3,4,3.5,-2.449251175,104.0871124,-0.0068701
343,Jamaica,2000,8.072492599,#N/A,#N/A,#N/A,#N/A,109.5072174,-0.0157787
158,Japan,2000,-0.67658174,#N/A,#N/A,#N/A,#N/A,102.0682678,-0.0052452
916,Kazakhstan,2000,13.44972706,#N/A,#N/A,#N/A,#N/A,72.9358826,0.0405175
664,Kenya,2000,9.97849369,#N/A,#N/A,#N/A,#N/A,103.7097397,-0.0058284
542,"Korea, Rep.",2000,2.259183168,1.5,3.5,2.5,-0.240816832,106.3840179,-0.016845
921,Moldova,2000,31.20599937,#N/A,#N/A,#N/A,#N/A,109.4190903,-0.0411277
273,Mexico,2000,9.491558075,#N/A,#N/A,#N/A,#N/A,98.4487076,0.0044823
142,Norway,2000,3.08550334,#N/A,#N/A,#N/A,#N/A,85.4943924,0.0635078
196,New Zealand,2000,2.615233183,0.01,3,1.505,1.110233183,102.4128265,-0.0015109
293,Peru,2000,3.762031317,#N/A,#N/A,#N/A,#N/A,96.4251633,-0.002503
566,Philippines,2000,3.980393887,#N/A,#N/A,#N/A,#N/A,105.468811,-0.0121471
964,Poland,2000,9.90017128,5.4,6.8,6.1,3.80017128,101.2743073,-0.0073709
288,Paraguay,2000,9.026123047,#N/A,#N/A,#N/A,#N/A,98.3537292,-0.0079931
968,Romania,2000,45.62654495,#N/A,#N/A,#N/A,#N/A,100.1854706,-0.0057271
922,Russian Federation,2000,20.79876518,#N/A,#N/A,#N/A,#N/A,85.991333,0.0533437
942,Serbia,2000,70,#N/A,#N/A,#N/A,#N/A,105.2026825,-0.0158853
718,Seychelles,2000,6.300000191,#N/A,#N/A,#N/A,#N/A,117.1569595,-0.0294363
524,Sri Lanka,2000,6.176000118,#N/A,#N/A,#N/A,#N/A,105.2254791,-0.0064285
144,Sweden,2000,0.899139345,1,3,2,-1.100860655,101.3619385,-0.0035823
578,Thailand,2000,1.514839649,0.01,3.5,1.755,-0.240160351,104.2548218,-0.015258
186,Turkey,2000,54.91538239,#N/A,#N/A,#N/A,#N/A,104.7129059,-0.0076272
746,Uganda,2000,3.375998735,#N/A,#N/A,#N/A,#N/A,103.1801376,-0.0136206
926,Ukraine,2000,28.25919914,#N/A,#N/A,#N/A,#N/A,104.3063126,-0.0721067
298,Uruguay,2000,4.757482529,#N/A,#N/A,#N/A,#N/A,100.7123642,-0.0053501
927,Uzbekistan,2000,25.00600052,#N/A,#N/A,#N/A,#N/A,#N/A,#N/A
199,South Africa,2000,5.338951588,3,4,3.5,1.838951588,100.2746582,-0.0047207
914,Albania,2001,3.104655504,#N/A,#N/A,#N/A,#N/A,102.0461273,-0.0017564
213,Argentina,2001,-1.065000057,#N/A,#N/A,#N/A,#N/A,94.2862778,0.0000127
911,Armenia,2001,3.145999908,#N/A,#N/A,#N/A,#N/A,104.356842,0.0009363
193,Australia,2001,4.407132626,2,4,3,1.407132626,95.8206863,0.0041545
223,Brazil,2001,6.840363979,2,6,4,2.840363979,98.0658264,-0.0000752
156,Canada,2001,2.525118351,1,3,2,0.525118351,97.7170639,-0.0011594
228,Chile,2001,3.569107294,2,4,3,0.569107294,89.1944656,-0.0099624
233,Colombia,2001,7.969697475,7,9,8,-0.030302525,94.4661789,-0.0045614
238,Costa Rica,2001,11.25579453,#N/A,#N/A,#N/A,#N/A,102.7030106,0.0095785
935,Czech Republic,2001,4.662675858,2,4,3,1.662675858,104.3848267,0.0039961
243,Dominican Republic,2001,8.900650978,#N/A,#N/A,#N/A,#N/A,101.9340973,0.0043608
184,Spain,2001,3.589828014,#N/A,#N/A,#N/A,#N/A,103.056488,0.0016028
172,Finland,2001,2.578436852,#N/A,#N/A,#N/A,#N/A,103.4100494,0.0011014
112,United Kingdom,2001,1.634873152,1,4,2.5,-0.865126848,99.9210205,-0.0004554
915,Georgia,2001,4.67098093,#N/A,#N/A,#N/A,#N/A,102.8997421,0.000592
652,Ghana,2001,32.93199921,#N/A,#N/A,#N/A,#N/A,102.819519,0.0082673
258,Guatemala,2001,7.284487247,#N/A,#N/A,#N/A,#N/A,102.5038757,-0.0047127
944,Hungary,2001,9.116809845,6,8,7,2.116809845,101.4464722,0.0025159
536,Indonesia,2001,11.50011921,4,6,5,6.500119209,96.2350235,-0.0022219
534,India,2001,3.779289246,#N/A,#N/A,#N/A,#N/A,103.4215851,0.0022499
176,Iceland,2001,6.405090809,1,4,2.5,3.905090809,101.5476303,-0.0209489
436,Israel,2001,1.150446892,3,4,3.5,-2.349553108,104.240036,0.001467
343,Jamaica,2001,6.844508648,#N/A,#N/A,#N/A,#N/A,110.2181625,0.0064503
158,Japan,2001,-0.740059614,#N/A,#N/A,#N/A,#N/A,102.1700363,0.0009961
916,Kazakhstan,2001,8.549444199,#N/A,#N/A,#N/A,#N/A,71.7581177,-0.016413
664,Kenya,2001,5.779124737,#N/A,#N/A,#N/A,#N/A,103.2966309,-0.0039992
542,"Korea, Rep.",2001,4.066421986,2,4,3,1.066421986,106.6876144,0.0028457
921,Moldova,2001,9.640999794,#N/A,#N/A,#N/A,#N/A,110.5243607,0.0100002
273,Mexico,2001,6.367733002,5.5,7.5,6.5,-0.132266998,98.2599258,-0.0019212
142,Norway,2001,3.004201889,1.5,3.5,2.5,0.504201889,83.9313812,-0.0186225
196,New Zealand,2001,2.625814915,0.01,3,1.505,1.120814915,102.8312531,0.0040691
293,Peru,2001,1.977602005,#N/A,#N/A,#N/A,#N/A,96.1348267,-0.0030201
566,Philippines,2001,6.77863121,#N/A,#N/A,#N/A,#N/A,105.8975677,0.0040488
964,Poland,2001,5.408337593,5.4,6.8,6.1,-0.691662407,101.5698624,0.0029099
288,Paraguay,2001,7.262164116,#N/A,#N/A,#N/A,#N/A,98.4358826,0.0008346
968,Romania,2001,34.42864227,#N/A,#N/A,#N/A,#N/A,100.0963821,-0.00089
922,Russian Federation,2001,21.4770031,#N/A,#N/A,#N/A,#N/A,84.9112854,-0.0127197
942,Serbia,2001,80.7440033,#N/A,#N/A,#N/A,#N/A,105.517868,0.002987
718,Seychelles,2001,6,#N/A,#N/A,#N/A,#N/A,115.6522293,-0.0130108
524,Sri Lanka,2001,14.15799999,#N/A,#N/A,#N/A,#N/A,104.7575531,-0.0044668
144,Sweden,2001,2.405957222,1,3,2,0.405957222,101.4999771,0.00136
578,Thailand,2001,1.377173424,0.01,3.5,1.755,-0.377826576,104.2006149,-0.0005202
186,Turkey,2001,54.40018463,#N/A,#N/A,#N/A,#N/A,104.8651657,0.001452
746,Uganda,2001,1.937253475,#N/A,#N/A,#N/A,#N/A,102.1666412,-0.00992
926,Ukraine,2001,11.90761089,#N/A,#N/A,#N/A,#N/A,105.1804504,0.0083108
298,Uruguay,2001,4.371983528,#N/A,#N/A,#N/A,#N/A,100.9742813,0.0025939
927,Uzbekistan,2001,27.25099945,#N/A,#N/A,#N/A,#N/A,#N/A,#N/A
199,South Africa,2001,5.701897621,3,4,3.5,2.201897621,100.6140823,0.0033735
914,Albania,2002,5.184557438,#N/A,#N/A,#N/A,#N/A,101.7587051,-0.0028245
213,Argentina,2002,25.86899948,#N/A,#N/A,#N/A,#N/A,94.5918961,0.0032309
911,Armenia,2002,1.789999962,#N/A,#N/A,#N/A,#N/A,104.370369,0.0001296
193,Australia,2002,2.981578588,2,4,3,-0.018421412,95.7585983,-0.0006484
223,Brazil,2002,8.450156212,1.5,5.5,3.5,4.950156212,98.0148849,-0.0005197
156,Canada,2002,2.258392096,1,3,2,0.258392096,97.3945694,-0.0033112
228,Chile,2002,2.489392519,2,4,3,-0.510607481,89.2421722,0.0005346
233,Colombia,2002,6.351929188,5,6,5.5,0.851929188,94.3517609,-0.0012127
238,Costa Rica,2002,9.166413307,#N/A,#N/A,#N/A,#N/A,102.2888718,-0.0040487
935,Czech Republic,2002,1.902979732,2,4,3,-1.097020268,104.3949509,0.000097
243,Dominican Republic,2002,5.237444401,#N/A,#N/A,#N/A,#N/A,101.7168655,-0.0021357
184,Spain,2002,3.06576395,#N/A,#N/A,#N/A,#N/A,103.0984421,0.0004069
172,Finland,2002,1.571220994,#N/A,#N/A,#N/A,#N/A,103.3392868,-0.0006848
112,United Kingdom,2002,1.47452879,1,4,2.5,-1.02547121,99.9221268,0.0000111
915,Georgia,2002,5.593239784,#N/A,#N/A,#N/A,#N/A,102.9162216,0.0001601
652,Ghana,2002,14.84599972,#N/A,#N/A,#N/A,#N/A,103.9810562,0.0111707
258,Guatemala,2002,8.126792908,#N/A,#N/A,#N/A,#N/A,102.1879807,-0.0030913
944,Hungary,2002,5.26544857,3.5,5.5,4.5,0.76544857,101.5470581,0.0009905
536,Indonesia,2002,11.90011978,9,10,9.5,2.400119781,96.0332565,-0.002101
534,India,2002,4.297166824,#N/A,#N/A,#N/A,#N/A,103.1980209,-0.0021664
176,Iceland,2002,5.197020531,1,4,2.5,2.697020531,102.0279617,0.0047078
436,Israel,2002,5.741463661,3,4,3.5,2.241463661,104.148468,-0.0008792
343,Jamaica,2002,7.062348366,#N/A,#N/A,#N/A,#N/A,109.5825348,-0.0058004
158,Japan,2002,-0.923493564,#N/A,#N/A,#N/A,#N/A,102.2018204,0.000311
916,Kazakhstan,2002,6.038328171,#N/A,#N/A,#N/A,#N/A,72.6128464,0.011771
664,Kenya,2002,1.993869185,#N/A,#N/A,#N/A,#N/A,102.8712921,-0.0041347
542,"Korea, Rep.",2002,2.762511969,2.5,3.5,3,-0.237488031,106.7043228,0.0001566
921,Moldova,2002,5.218999863,#N/A,#N/A,#N/A,#N/A,111.8385468,0.0117507
273,Mexico,2002,5.0307374,3.5,5.5,4.5,0.5307374,98.3054047,0.0004626
142,Norway,2002,1.286725283,1.5,3.5,2.5,-1.213274717,83.9777298,0.0005519
196,New Zealand,2002,2.677096367,0.333333,3,1.6666665,1.010429867,102.9798584,0.0014431
293,Peru,2002,0.195020735,1.5,3.5,2.5,-2.304979265,96.2061462,0.0007413
566,Philippines,2002,3.00494957,4.5,5.5,5,-1.99505043,105.5535202,-0.0032595
964,Poland,2002,1.905287981,2,4,3,-1.094712019,101.3584976,-0.0020853
288,Paraguay,2002,10.49424553,#N/A,#N/A,#N/A,#N/A,98.9056015,0.0047492
968,Romania,2002,22.50585365,#N/A,#N/A,#N/A,#N/A,100.2027283,0.0010613
922,Russian Federation,2002,15.78873348,#N/A,#N/A,#N/A,#N/A,84.441803,-0.0055598
942,Serbia,2002,8.868000031,#N/A,#N/A,#N/A,#N/A,105.3652267,-0.0014487
718,Seychelles,2002,0.200000003,#N/A,#N/A,#N/A,#N/A,115.6753006,0.0001994
524,Sri Lanka,2002,9.550999641,#N/A,#N/A,#N/A,#N/A,104.287796,-0.0045044
144,Sweden,2002,2.158483028,1,3,2,0.158483028,101.4085693,-0.0009014
578,Thailand,2002,0.699703932,0.01,3.5,1.755,-1.055296068,104.2717361,0.0006821
186,Turkey,2002,44.96411896,#N/A,#N/A,#N/A,#N/A,104.851532,-0.00013
746,Uganda,2002,-0.304817438,#N/A,#N/A,#N/A,#N/A,102.0712128,-0.0009349
926,Ukraine,2002,0.724360287,#N/A,#N/A,#N/A,#N/A,106.9494705,0.0165407
298,Uruguay,2002,13.95589828,#N/A,#N/A,#N/A,#N/A,101.1881943,0.002114
927,Uzbekistan,2002,27.29100037,#N/A,#N/A,#N/A,#N/A,#N/A,#N/A
199,South Africa,2002,9.49471283,3,4,3.5,5.99471283,100.2963333,-0.0031681
914,Albania,2003,2.377929926,#N/A,#N/A,#N/A,#N/A,101.5326385,-0.0022265
213,Argentina,2003,13.44299984,#N/A,#N/A,#N/A,#N/A,95.1251297,0.0056056
911,Armenia,2003,4.543000221,#N/A,#N/A,#N/A,#N/A,102.8445435,-0.0148362
193,Australia,2003,2.732590914,2,4,3,-0.267409086,96.1038208,0.0035922
223,Brazil,2003,14.71492481,1.5,5.5,3.5,11.21492481,98.0927277,0.0007936
156,Canada,2003,2.758562803,1,3,2,0.758562803,98.1960678,0.0081622
228,Chile,2003,2.810176611,2,4,3,-0.189823389,89.606926,0.0040706
233,Colombia,2003,7.130736828,5,6,5.5,1.630736828,94.6557159,0.0032112
238,Costa Rica,2003,9.44824791,#N/A,#N/A,#N/A,#N/A,100.7879715,-0.0148917
935,Czech Republic,2003,0.118739866,2,4,3,-2.881260134,103.1787338,-0.0117875
243,Dominican Republic,2003,27.45558357,#N/A,#N/A,#N/A,#N/A,101.1917419,-0.0051894
184,Spain,2003,3.039239645,#N/A,#N/A,#N/A,#N/A,102.5887375,-0.0049684
172,Finland,2003,0.877444565,#N/A,#N/A,#N/A,#N/A,103.0386963,-0.0029173
112,United Kingdom,2003,1.321004033,1,4,2.5,-1.178995967,100.0100555,0.0008792
915,Georgia,2003,4.840092659,#N/A,#N/A,#N/A,#N/A,102.2673645,-0.0063447
652,Ghana,2003,26.62599945,#N/A,#N/A,#N/A,#N/A,103.2889786,-0.0067004
258,Guatemala,2003,5.596412659,#N/A,#N/A,#N/A,#N/A,101.6503143,-0.0052894
944,Hungary,2003,4.661018372,2.5,4.5,3.5,1.161018372,101.2663116,-0.0027724
536,Indonesia,2003,6.75731039,8,10,9,-2.24268961,97.3694534,0.013723
534,India,2003,3.805864334,#N/A,#N/A,#N/A,#N/A,102.7884979,-0.0039841
176,Iceland,2003,2.055664301,1,4,2.5,-0.444335699,101.7030945,-0.0031943
436,Israel,2003,0.723964334,1,3,2,-1.276035666,103.8288345,-0.0030785
343,Jamaica,2003,10.12793636,#N/A,#N/A,#N/A,#N/A,108.6682129,-0.0084139
158,Japan,2003,-0.256541818,#N/A,#N/A,#N/A,#N/A,101.9257584,-0.0027085
916,Kazakhstan,2003,6.437240601,#N/A,#N/A,#N/A,#N/A,74.5693054,0.0262368
664,Kenya,2003,9.822483063,#N/A,#N/A,#N/A,#N/A,102.6923141,-0.0017429
542,"Korea, Rep.",2003,3.514881134,2.5,3.5,3,0.514881134,105.8511658,-0.00806
921,Moldova,2003,11.66699982,#N/A,#N/A,#N/A,#N/A,108.3847122,-0.0318664
273,Mexico,2003,4.546898365,2,4,3,1.546898365,98.3636322,0.000592
142,Norway,2003,2.487828732,1.5,3.5,2.5,-0.012171268,86.7074356,0.0314818
196,New Zealand,2003,1.753571868,1,3,2,-0.246428132,102.8222427,-0.0015329
293,Peru,2003,2.260247231,1.5,3.5,2.5,-0.239752769,96.2961884,0.0009351
566,Philippines,2003,3.476935625,4.5,5.5,5,-1.523064375,104.8236771,-0.0069626
964,Poland,2003,0.682703197,2,4,3,-2.317296803,101.0978775,-0.0025779
288,Paraguay,2003,14.21568489,#N/A,#N/A,#N/A,#N/A,99.5318298,0.0062917
968,Romania,2003,15.38077068,#N/A,#N/A,#N/A,#N/A,100.1509247,-0.0005173
922,Russian Federation,2003,13.66329288,#N/A,#N/A,#N/A,#N/A,87.1477585,0.0310502
942,Serbia,2003,2.901000023,#N/A,#N/A,#N/A,#N/A,104.4024887,-0.0092214
718,Seychelles,2003,3.299999952,#N/A,#N/A,#N/A,#N/A,114.7680054,-0.0079055
524,Sri Lanka,2003,8.968999863,#N/A,#N/A,#N/A,#N/A,103.9599075,-0.003154
144,Sweden,2003,1.925656796,1,3,2,-0.074343204,101.2185516,-0.0018773
578,Thailand,2003,1.80219388,0.01,3.5,1.755,0.04719388,103.9121552,-0.0034604
186,Turkey,2003,21.60244179,#N/A,#N/A,#N/A,#N/A,104.2921219,-0.0053639
746,Uganda,2003,8.724744797,#N/A,#N/A,#N/A,#N/A,101.9988022,-0.0007099
926,Ukraine,2003,5.222138405,#N/A,#N/A,#N/A,#N/A,103.3019714,-0.0353091
298,Uruguay,2003,19.40298653,#N/A,#N/A,#N/A,#N/A,100.8797302,-0.0030577
927,Uzbekistan,2003,12.49400043,#N/A,#N/A,#N/A,#N/A,#N/A,#N/A
199,South Africa,2003,5.679418564,3,4,3.5,2.179418564,100.1107025,-0.0018543
914,Albania,2004,2.830083132,#N/A,#N/A,#N/A,#N/A,101.2991257,-0.0023052
213,Argentina,2004,4.415999889,#N/A,#N/A,#N/A,#N/A,95.8518829,0.007582
911,Armenia,2004,5.927999973,#N/A,#N/A,#N/A,#N/A,102.7368088,-0.0010486
193,Australia,2004,2.343264103,2,4,3,-0.656735897,97.353363,0.0128351
223,Brazil,2004,6.59717989,1.25,6.25,3.75,2.84717989,98.1401596,0.0004833
156,Canada,2004,1.857264996,1,3,2,-0.142735004,98.7411575,0.0055204
228,Chile,2004,1.054736376,2,4,3,-1.945263624,92.7989807,0.0343975
233,Colombia,2004,5.90127039,5,6,5.5,0.40127039,96.1130829,0.015163
238,Costa Rica,2004,12.31481552,#N/A,#N/A,#N/A,#N/A,101.065979,0.0027508
935,Czech Republic,2004,2.760115147,2,4,3,-0.239884853,102.6989517,-0.0046717
243,Dominican Republic,2004,51.30218124,#N/A,#N/A,#N/A,#N/A,100.8806534,-0.0030837
184,Spain,2004,3.039197922,#N/A,#N/A,#N/A,#N/A,102.0505524,-0.0052737
172,Finland,2004,0.187119663,#N/A,#N/A,#N/A,#N/A,102.7220459,-0.0030826
112,United Kingdom,2004,1.434167027,1,4,2.5,-1.065832973,99.9883728,-0.0002169
915,Georgia,2004,5.59717226,#N/A,#N/A,#N/A,#N/A,102.1064911,-0.0015755
652,Ghana,2004,12.66600037,#N/A,#N/A,#N/A,#N/A,101.637207,-0.0162516
258,Guatemala,2004,7.566763401,#N/A,#N/A,#N/A,#N/A,101.34832,-0.0029798
944,Hungary,2004,6.744340897,2.5,4.5,3.5,3.244340897,100.9249725,-0.0033821
536,Indonesia,2004,6.06406498,4.5,6.5,5.5,0.56406498,98.4167709,0.0106417
534,India,2004,3.767236471,#N/A,#N/A,#N/A,#N/A,102.0828629,-0.0069124
176,Iceland,2004,3.158193588,1,4,2.5,0.658193588,102.2678604,0.0055224
436,Israel,2004,-0.410717756,1,3,2,-2.410717756,103.025528,-0.0077972
343,Jamaica,2004,13.52855587,#N/A,#N/A,#N/A,#N/A,107.2426529,-0.0132928
158,Japan,2004,-0.008571295,#N/A,#N/A,#N/A,#N/A,101.5533905,-0.0036667
916,Kazakhstan,2004,6.885323524,#N/A,#N/A,#N/A,#N/A,78.8964386,0.0548457
664,Kenya,2004,11.81290722,#N/A,#N/A,#N/A,#N/A,102.3081436,-0.003755
542,"Korea, Rep.",2004,3.590597391,2.5,3.5,3,0.590597391,104.6305161,-0.0116663
921,Moldova,2004,12.42599964,#N/A,#N/A,#N/A,#N/A,106.5228195,-0.0174788
273,Mexico,2004,4.688409805,2,4,3,1.688409805,98.5790405,0.0021851
142,Norway,2004,0.454491556,1.5,3.5,2.5,-2.045508444,89.4231262,0.030369
196,New Zealand,2004,2.29024744,1,3,2,0.29024744,102.7543411,-0.0006608
293,Peru,2004,3.659604073,1.5,3.5,2.5,1.159604073,97.3170166,0.0104897
566,Philippines,2004,5.976781368,4,5,4.5,1.476781368,103.891449,-0.0089731
964,Poland,2004,3.382646561,1.5,3.5,2.5,0.882646561,101.3265305,0.0022566
288,Paraguay,2004,4.291845798,#N/A,#N/A,#N/A,#N/A,99.5571365,0.0002542
968,Romania,2004,11.86290073,#N/A,#N/A,#N/A,#N/A,100.1148529,-0.0003603
922,Russian Federation,2004,10.88860607,#N/A,#N/A,#N/A,#N/A,89.6501617,0.027913
942,Serbia,2004,10.60200024,#N/A,#N/A,#N/A,#N/A,103.3373337,-0.0103076
718,Seychelles,2004,3.900000095,#N/A,#N/A,#N/A,#N/A,114.3510742,-0.0036461
524,Sri Lanka,2004,9.01099968,#N/A,#N/A,#N/A,#N/A,103.0930557,-0.0084084
144,Sweden,2004,0.373658508,1,3,2,-1.626341492,101.0077362,-0.0020871
578,Thailand,2004,2.767857552,0.01,3.5,1.755,1.012857552,103.0311508,-0.0085509
186,Turkey,2004,8.598257065,#N/A,#N/A,#N/A,#N/A,103.5402298,-0.0072618
746,Uganda,2004,3.670122147,#N/A,#N/A,#N/A,#N/A,101.5845795,-0.0040776
926,Ukraine,2004,9.03441143,#N/A,#N/A,#N/A,#N/A,102.1807098,-0.0109733
298,Uruguay,2004,9.163428307,#N/A,#N/A,#N/A,#N/A,100.6544189,-0.0022385
927,Uzbekistan,2004,7.324999809,#N/A,#N/A,#N/A,#N/A,#N/A,#N/A
199,South Africa,2004,-0.692032397,3,4,3.5,-4.192032397,100.5595093,0.0044631
914,Albania,2005,2.357452869,#N/A,#N/A,#N/A,#N/A,100.8360596,-0.0045923
213,Argentina,2005,9.642000198,#N/A,#N/A,#N/A,#N/A,95.7298126,-0.0012752
911,Armenia,2005,0.717000008,#N/A,#N/A,#N/A,#N/A,101.5048828,-0.0121366
193,Australia,2005,2.691829681,2,4,3,-0.308170319,97.4746399,0.0012442
223,Brazil,2005,6.869541645,2,7,4.5,2.369541645,98.144928,0.0000486
156,Canada,2005,2.213550091,1,3,2,0.213550091,99.7233505,0.0098492
228,Chile,2005,3.052582026,2,4,3,0.052582026,94.5062485,0.0180651
233,Colombia,2005,5.051409721,4.5,5.5,5,0.051409721,97.3319092,0.0125224
238,Costa Rica,2005,13.79779148,#N/A,#N/A,#N/A,#N/A,100.7263641,-0.0033717
935,Czech Republic,2005,1.857095957,2,4,3,-1.142904043,101.1977539,-0.0148343
243,Dominican Republic,2005,4.153756142,#N/A,#N/A,#N/A,#N/A,101.2158051,0.0033113
184,Spain,2005,3.368458509,#N/A,#N/A,#N/A,#N/A,101.467308,-0.0057481
172,Finland,2005,0.623876691,#N/A,#N/A,#N/A,#N/A,102.078331,-0.0063061
112,United Kingdom,2005,2.056553125,1,4,2.5,-0.443446875,100.1123047,0.0012379
915,Georgia,2005,8.240902901,#N/A,#N/A,#N/A,#N/A,101.5937805,-0.0050467
652,Ghana,2005,15.09500027,#N/A,#N/A,#N/A,#N/A,100.2919159,-0.0134138
258,Guatemala,2005,9.104693413,5,7,6,3.104693413,101.1782303,-0.0016811
944,Hungary,2005,3.561520576,3,5,4,-0.438479424,100.4541016,-0.0046874
536,Indonesia,2005,10.45320034,5,7,6,4.45320034,99.04776,0.0063706
534,India,2005,4.246352196,#N/A,#N/A,#N/A,#N/A,101.3450012,-0.0072807
176,Iceland,2005,3.987045527,1,4,2.5,1.487045527,103.7420273,0.0142099
436,Israel,2005,1.30941391,1,3,2,-0.69058609,102.3318253,-0.006779
343,Jamaica,2005,15.10339069,#N/A,#N/A,#N/A,#N/A,105.1317139,-0.020079
158,Japan,2005,-0.28294763,#N/A,#N/A,#N/A,#N/A,101.0273514,-0.0052069
916,Kazakhstan,2005,7.464635849,#N/A,#N/A,#N/A,#N/A,85.4820023,0.0770404
664,Kenya,2005,9.905139923,#N/A,#N/A,#N/A,#N/A,102.0057526,-0.0029645
542,"Korea, Rep.",2005,2.754081249,2.5,3.5,3,-0.245918751,103.1275177,-0.0145742
921,Moldova,2005,11.85099983,#N/A,#N/A,#N/A,#N/A,102.7356262,-0.0368635
273,Mexico,2005,3.988060474,2,4,3,0.988060474,99.1473312,0.0057318
142,Norway,2005,1.532136202,1.5,3.5,2.5,-0.967863798,94.974678,0.058453
196,New Zealand,2005,3.037020445,1,3,2,1.037020445,102.0238571,-0.0071599
293,Peru,2005,1.612845302,1.5,3.5,2.5,-0.887154698,98.1201401,0.0081851
566,Philippines,2005,7.690626144,4,5,4.5,3.190626144,102.8094559,-0.0105243
964,Poland,2005,2.183795452,1.5,3.5,2.5,-0.316204548,100.6948547,-0.0062732
288,Paraguay,2005,6.858716011,#N/A,#N/A,#N/A,#N/A,95.8028717,-0.0391874
968,Romania,2005,9.002758026,#N/A,#N/A,#N/A,#N/A,100.3213959,0.0020588
922,Russian Federation,2005,12.68531609,#N/A,#N/A,#N/A,#N/A,94.10672,0.0473564
942,Serbia,2005,16.25300026,#N/A,#N/A,#N/A,#N/A,101.6843033,-0.0162565
718,Seychelles,2005,0.648000002,#N/A,#N/A,#N/A,#N/A,113.3656921,-0.0086921
524,Sri Lanka,2005,10.9829998,#N/A,#N/A,#N/A,#N/A,101.905159,-0.0116569
144,Sweden,2005,0.45317325,1,3,2,-1.54682675,100.6540375,-0.003514
578,Thailand,2005,4.546968937,0.01,3.5,1.755,2.791968937,102.0769577,-0.0093478
186,Turkey,2005,8.179159164,#N/A,#N/A,#N/A,#N/A,102.6161499,-0.0090052
746,Uganda,2005,8.605508804,#N/A,#N/A,#N/A,#N/A,101.4876785,-0.0009548
926,Ukraine,2005,13.52846146,#N/A,#N/A,#N/A,#N/A,99.6908417,-0.0249759
298,Uruguay,2005,4.702298164,#N/A,#N/A,#N/A,#N/A,99.8078384,-0.0084821
927,Uzbekistan,2005,10.70300007,#N/A,#N/A,#N/A,#N/A,#N/A,#N/A
199,South Africa,2005,2.062854528,3,4,3.5,-1.437145472,100.1801147,-0.0037871
914,Albania,2006,2.410284042,#N/A,#N/A,#N/A,#N/A,100.4854584,-0.0034891
213,Argentina,2006,10.89799976,#N/A,#N/A,#N/A,#N/A,96.4234924,0.0071941
911,Armenia,2006,3.433000088,2.5,5.5,4,-0.566999912,101.8048782,0.0029468
193,Australia,2006,3.555284023,2,4,3,0.555284023,98.1033936,0.0064091
223,Brazil,2006,4.183569431,2.5,6.5,4.5,-0.316430569,98.3018723,0.0015966
156,Canada,2006,2.002022982,1,3,2,0.002022982,100.1554489,0.0043143
228,Chile,2006,3.392011881,2,4,3,0.392011881,102.7342606,0.0800902
233,Colombia,2006,4.292459965,4,5,4.5,-0.207540035,97.9558792,0.0063699
238,Costa Rica,2006,11.47075653,#N/A,#N/A,#N/A,#N/A,100.5538635,-0.0017155
935,Czech Republic,2006,2.533986807,2,4,3,-0.466013193,100.493454,-0.0070084
243,Dominican Republic,2006,7.560687065,#N/A,#N/A,#N/A,#N/A,101.2530212,0.0003676
184,Spain,2006,3.515373945,#N/A,#N/A,#N/A,#N/A,101.1324234,-0.0033113
172,Finland,2006,1.566660881,#N/A,#N/A,#N/A,#N/A,101.75737,-0.0031542
112,United Kingdom,2006,2.518891573,1,4,2.5,0.018891573,100.062439,-0.0004983
915,Georgia,2006,9.221977234,#N/A,#N/A,#N/A,#N/A,101.3830872,-0.0020782
652,Ghana,2006,11.68299961,#N/A,#N/A,#N/A,#N/A,99.7142868,-0.0057928
258,Guatemala,2006,6.557935715,5,7,6,0.557935715,101.0824585,-0.0009475
944,Hungary,2006,3.930331469,2,4,3,0.930331469,100.1211624,-0.0033254
536,Indonesia,2006,13.1086731,7,9,8,5.108673096,99.6988525,0.0065306
534,India,2006,5.796512604,#N/A,#N/A,#N/A,#N/A,100.7745514,-0.0056607
176,Iceland,2006,6.68707943,1,4,2.5,4.18707943,106.8130188,0.0287511
436,Israel,2006,2.116831779,1,3,2,0.116831779,101.6102066,-0.0071018
343,Jamaica,2006,8.519304276,#N/A,#N/A,#N/A,#N/A,103.7422256,-0.0133937
158,Japan,2006,0.249357224,#N/A,#N/A,#N/A,#N/A,100.6617889,-0.0036316
916,Kazakhstan,2006,8.60671711,#N/A,#N/A,#N/A,#N/A,91.4983902,0.065754
664,Kenya,2006,6.028195381,#N/A,#N/A,#N/A,#N/A,101.6089935,-0.0039048
542,"Korea, Rep.",2006,2.2418468,2.5,3.5,3,-0.7581532,102.1076889,-0.0099878
921,Moldova,2006,12.70699978,#N/A,#N/A,#N/A,#N/A,100.6164398,-0.021062
273,Mexico,2006,3.629454374,2,4,3,0.629454374,99.4826813,0.0033709
142,Norway,2006,2.329346657,1.5,3.5,2.5,-0.170653343,97.5238037,0.0261385
196,New Zealand,2006,3.365409613,1,3,2,1.365409613,101.71521,-0.0030344
293,Peru,2006,1.998810053,1.5,3.5,2.5,-0.501189947,101.634407,0.0345775
566,Philippines,2006,6.520029068,4,5,4.5,2.020029068,101.9358139,-0.0085705
964,Poland,2006,1.284690499,1.5,3.5,2.5,-1.215309501,100.4817352,-0.002121
288,Paraguay,2006,9.51540184,#N/A,#N/A,#N/A,#N/A,94.9938202,-0.0085169
968,Romania,2006,6.596811771,#N/A,#N/A,#N/A,#N/A,100.2260742,-0.0009511
922,Russian Federation,2006,9.66864872,#N/A,#N/A,#N/A,#N/A,96.469368,0.0244912
942,Serbia,2006,10.73200035,#N/A,#N/A,#N/A,#N/A,101.0263596,-0.0065126
718,Seychelles,2006,-1.85800004,#N/A,#N/A,#N/A,#N/A,113.9949188,0.0055198
524,Sri Lanka,2006,10.02000046,#N/A,#N/A,#N/A,#N/A,101.0764923,-0.0081984
144,Sweden,2006,1.360215545,1,3,2,-0.639784455,100.4296341,-0.0022344
578,Thailand,2006,4.653032303,0.01,3.5,1.755,2.898032303,101.5580826,-0.0051091
186,Turkey,2006,9.597247124,3,7,5,4.597247124,102.0118484,-0.0059238
746,Uganda,2006,7.216407776,#N/A,#N/A,#N/A,#N/A,101.171463,-0.0031255
926,Ukraine,2006,9.093724251,#N/A,#N/A,#N/A,#N/A,98.8956833,-0.0080404
298,Uruguay,2006,6.394366741,#N/A,#N/A,#N/A,#N/A,99.262825,-0.0054906
927,Uzbekistan,2006,13.10900021,#N/A,#N/A,#N/A,#N/A,#N/A,#N/A
199,South Africa,2006,3.243905067,3,4,3.5,-0.256094933,100.2427139,0.0006245
914,Albania,2007,2.907948494,#N/A,#N/A,#N/A,#N/A,100.3777847,-0.0010727
213,Argentina,2007,8.829999924,#N/A,#N/A,#N/A,#N/A,98.0527802,0.0166164
911,Armenia,2007,4.552999973,2.5,5.5,4,0.552999973,101.4120102,-0.003874
193,Australia,2007,2.327615499,2,4,3,-0.672384501,98.9482803,0.0085387
223,Brazil,2007,3.641272783,2.5,6.5,4.5,-0.858727217,98.4435959,0.0014396
156,Canada,2007,2.138382435,1,3,2,0.138382435,100.2964172,0.0014055
228,Chile,2007,4.407802105,2,4,3,1.407802105,102.3279037,-0.0039711
233,Colombia,2007,5.54513216,3.5,4.5,4,1.54513216,98.4846344,0.0053689
238,Costa Rica,2007,9.357215881,#N/A,#N/A,#N/A,#N/A,100.0523529,-0.0050125
935,Czech Republic,2007,2.853127003,2,4,3,-0.146872997,100.2185745,-0.0027428
243,Dominican Republic,2007,6.17200613,#N/A,#N/A,#N/A,#N/A,101.0090179,-0.0024157
184,Spain,2007,2.787031889,#N/A,#N/A,#N/A,#N/A,100.8442078,-0.002858
172,Finland,2007,2.510670424,#N/A,#N/A,#N/A,#N/A,101.3117752,-0.0043983
112,United Kingdom,2007,2.334154129,1,4,2.5,-0.165845871,100.0170059,-0.0004543
915,Georgia,2007,9.228749275,#N/A,#N/A,#N/A,#N/A,100.9354401,-0.004435
652,Ghana,2007,10.72900009,4,6,5,5.729000092,100.2264099,0.0051097
258,Guatemala,2007,6.828771114,4,6,5,1.828771114,100.3377686,-0.0074218
944,Hungary,2007,7.958739758,2,4,3,4.958739758,100.0833054,-0.0003783
536,Indonesia,2007,6.406556606,5,7,6,0.406556606,100.7754288,0.0106829
534,India,2007,6.37288332,#N/A,#N/A,#N/A,#N/A,100.3180618,-0.0045504
176,Iceland,2007,5.051561832,1,4,2.5,2.551561832,105.2116089,-0.0152208
436,Israel,2007,0.468411893,1,3,2,-1.531588107,101.1073456,-0.0049735
343,Jamaica,2007,9.292598724,#N/A,#N/A,#N/A,#N/A,102.7244644,-0.0099077
158,Japan,2007,0.0600405,#N/A,#N/A,#N/A,#N/A,100.4406738,-0.0022014
916,Kazakhstan,2007,10.77755642,#N/A,#N/A,#N/A,#N/A,93.8652496,0.0252155
664,Kenya,2007,4.253263474,#N/A,#N/A,#N/A,#N/A,100.906395,-0.0069629
542,"Korea, Rep.",2007,2.534852982,2.5,3.5,3,-0.465147018,101.5456848,-0.0055345
921,Moldova,2007,12.38199997,#N/A,#N/A,#N/A,#N/A,100.105545,-0.0051036
273,Mexico,2007,3.966849089,2,4,3,0.966849089,99.5347137,0.0005228
142,Norway,2007,0.712596357,1.5,3.5,2.5,-1.787403643,98.2778931,0.007673
196,New Zealand,2007,2.376139879,1,3,2,0.376139879,101.4592056,-0.0025232
293,Peru,2007,1.778967738,1,3,2,-0.221032262,102.0408401,0.003983
566,Philippines,2007,2.958557606,4,5,4.5,-1.541442394,101.2208481,-0.0070634
964,Poland,2007,2.458750248,1.5,3.5,2.5,-0.041249752,100.4563675,-0.0002525
288,Paraguay,2007,8.190475464,#N/A,#N/A,#N/A,#N/A,97.0055771,0.0207386
968,Romania,2007,4.839087009,#N/A,#N/A,#N/A,#N/A,100.1040039,-0.0012194
922,Russian Federation,2007,9.007296562,#N/A,#N/A,#N/A,#N/A,97.6376114,0.0119651
942,Serbia,2007,6.001999855,#N/A,#N/A,#N/A,#N/A,100.3590622,-0.0066491
718,Seychelles,2007,5.323999882,#N/A,#N/A,#N/A,#N/A,110.7975006,-0.0288582
524,Sri Lanka,2007,15.84200001,#N/A,#N/A,#N/A,#N/A,100.1031036,-0.0097239
144,Sweden,2007,2.212168932,1,3,2,0.212168932,100.1425247,-0.002867
578,Thailand,2007,2.241356134,0.01,3.5,1.755,0.486356134,100.6358871,-0.0091637
186,Turkey,2007,8.756175995,2,6,4,4.756175995,101.6279526,-0.0037775
746,Uganda,2007,6.087690353,#N/A,#N/A,#N/A,#N/A,100.6372147,-0.0053087
926,Ukraine,2007,12.88640594,#N/A,#N/A,#N/A,#N/A,98.8422089,-0.000541
298,Uruguay,2007,8.112673759,4,6,5,3.112673759,99.3273163,0.0006493
927,Uzbekistan,2007,11.15400028,#N/A,#N/A,#N/A,#N/A,#N/A,#N/A
199,South Africa,2007,6.17780447,3,4,3.5,2.67780447,100.197464,-0.0004516
914,Albania,2008,3.405169964,#N/A,#N/A,#N/A,#N/A,99.7117691,-0.0066794
213,Argentina,2008,8.585000038,#N/A,#N/A,#N/A,#N/A,100.0425568,0.0198893
911,Armenia,2008,9.017999649,2.5,5.5,4,5.017999649,99.4635391,-0.0195898
193,Australia,2008,4.350294113,2,4,3,1.350294113,100.2584534,0.013068
223,Brazil,2008,5.678594589,2.5,6.5,4.5,1.178594589,98.9471664,0.0050893
156,Canada,2008,2.370270014,1,3,2,0.370270014,100.8773575,0.0057589
228,Chile,2008,8.716272354,2,4,3,5.716272354,98.9793777,-0.0338305
233,Colombia,2008,6.998556614,3.5,4.5,4,2.998556614,100.366333,0.0187483
238,Costa Rica,2008,13.42472744,#N/A,#N/A,#N/A,#N/A,99.0936661,-0.0096746
935,Czech Republic,2008,6.358667374,2,4,3,3.358667374,99.5161057,-0.0070588
243,Dominican Republic,2008,10.66881466,#N/A,#N/A,#N/A,#N/A,101.0030212,-0.0000594
184,Spain,2008,4.07565403,#N/A,#N/A,#N/A,#N/A,99.7563095,-0.0109056
172,Finland,2008,4.065945148,#N/A,#N/A,#N/A,#N/A,100.1557693,-0.0115421
112,United Kingdom,2008,3.481384993,1,3,2,1.481384993,99.8842163,-0.0013294
915,Georgia,2008,9.997004509,#N/A,#N/A,#N/A,#N/A,98.4739609,-0.0249962
652,Ghana,2008,16.50499916,4,6,5,11.50499916,99.9856415,-0.002408
258,Guatemala,2008,11.35878944,4,6,5,6.358789444,99.2003479,-0.0114659
944,Hungary,2008,6.04251194,2,4,3,3.04251194,99.7586594,-0.0032543
536,Indonesia,2008,10.22667503,4,6,5,5.226675034,101.5931625,0.0080491
534,India,2008,8.349267006,#N/A,#N/A,#N/A,#N/A,99.3612442,-0.0096297
176,Iceland,2008,12.69440174,1,4,2.5,10.19440174,104.0932617,-0.0107437
436,Israel,2008,4.59279108,1,3,2,2.59279108,99.580513,-0.0153326
343,Jamaica,2008,22.00969124,#N/A,#N/A,#N/A,#N/A,99.5753479,-0.0316255
158,Japan,2008,1.380079389,#N/A,#N/A,#N/A,#N/A,99.4938812,-0.0095161
916,Kazakhstan,2008,17.16882706,#N/A,#N/A,#N/A,#N/A,100.6869736,0.0677518
664,Kenya,2008,15.10409546,#N/A,#N/A,#N/A,#N/A,100.1891632,-0.0071588
542,"Korea, Rep.",2008,4.673793793,2.5,3.5,3,1.673793793,99.6958542,-0.0185547
921,Moldova,2008,12.70400047,#N/A,#N/A,#N/A,#N/A,97.0335846,-0.0316587
273,Mexico,2008,5.124985218,2,4,3,2.124985218,99.9407654,0.0040629
142,Norway,2008,3.753922939,1.5,3.5,2.5,1.253922939,103.9265747,0.0543526
196,New Zealand,2008,3.95894742,1,3,2,1.95894742,100.5666885,-0.0088749
293,Peru,2008,5.789176464,1,3,2,3.789176464,99.3920898,-0.0266495
566,Philippines,2008,8.167211533,4,5,4.5,3.667211533,99.3114853,-0.019226
964,Poland,2008,4.164969444,1.5,3.5,2.5,1.664969444,99.997612,-0.0045877
288,Paraguay,2008,10.17063618,#N/A,#N/A,#N/A,#N/A,98.0435562,0.0105869
968,Romania,2008,7.846322536,#N/A,#N/A,#N/A,#N/A,99.9083328,-0.0019585
922,Russian Federation,2008,14.11076736,#N/A,#N/A,#N/A,#N/A,101.8141022,0.0410207
942,Serbia,2008,12.38654041,#N/A,#N/A,#N/A,#N/A,98.478653,-0.0190946
718,Seychelles,2008,36.96500015,#N/A,#N/A,#N/A,#N/A,104.6527405,-0.0587157
524,Sri Lanka,2008,9.63599968,#N/A,#N/A,#N/A,#N/A,98.9281998,-0.0118763
144,Sweden,2008,3.437051058,1,3,2,1.437051058,99.7556915,-0.0038778
578,Thailand,2008,5.440824986,0.01,3.5,1.755,3.685824986,99.5296707,-0.0111144
186,Turkey,2008,10.4441309,2,6,4,6.444130898,100.3618164,-0.0126157
746,Uganda,2008,12.03127766,#N/A,#N/A,#N/A,#N/A,99.7897491,-0.0084925
926,Ukraine,2008,25.19556236,#N/A,#N/A,#N/A,#N/A,97.5469208,-0.0132786
298,Uruguay,2008,7.877463341,3,7,5,2.877463341,98.5579529,-0.0078062
927,Uzbekistan,2008,13.12800026,#N/A,#N/A,#N/A,#N/A,#N/A,#N/A
199,South Africa,2008,10.05528259,3,4,3.5,6.555282593,100.0336609,-0.0016375
914,Albania,2009,2.290375233,2,4,3,-0.709624767,101.2527618,0.0152193
213,Argentina,2009,6.269999981,#N/A,#N/A,#N/A,#N/A,97.7706909,-0.0232367
911,Armenia,2009,3.54399991,2.5,5.5,4,-0.45600009,101.9449539,0.0243407
193,Australia,2009,1.771116495,2,4,3,-1.228883505,98.8040085,-0.0147205
223,Brazil,2009,4.888035774,2.5,6.5,4.5,0.388035774,99.477562,0.0053318
156,Canada,2009,0.299467802,1,3,2,-1.700532198,98.407486,-0.0250984
228,Chile,2009,0.353039622,2,4,3,-2.646960378,96.434967,-0.0263847
233,Colombia,2009,4.201043606,3.5,4.5,4,0.201043606,97.852478,-0.0256903
238,Costa Rica,2009,7.842543602,#N/A,#N/A,#N/A,#N/A,102.2375717,0.030751
935,Czech Republic,2009,1.019372344,2,4,3,-1.980627656,101.7670364,0.0221185
243,Dominican Republic,2009,1.476655006,#N/A,#N/A,#N/A,#N/A,101.4236984,0.0041477
184,Spain,2009,-0.28799358,#N/A,#N/A,#N/A,#N/A,101.4772797,0.0169592
172,Finland,2009,0,#N/A,#N/A,#N/A,#N/A,101.2992401,0.011288
112,United Kingdom,2009,1.9721632,1,3,2,-0.0278368,100.1804733,0.0029572
915,Georgia,2009,1.715994477,5,7,6,-4.284005523,102.834938,0.0424075
652,Ghana,2009,13.13899994,4,6,5,8.138999939,101.7643814,0.017479
258,Guatemala,2009,1.866095901,4,6,5,-3.133904099,102.1449661,0.0288278
944,Hungary,2009,4.211716175,2,4,3,1.211716175,100.9883804,0.0121769
536,Indonesia,2009,4.386406898,3.5,5.5,4.5,-0.113593102,99.0447388,-0.02573
534,India,2009,10.88235283,#N/A,#N/A,#N/A,#N/A,102.0086441,0.0259527
176,Iceland,2009,12.00311947,1,4,2.5,9.503119469,102.7841721,-0.0127363
436,Israel,2009,3.328914881,1,3,2,1.328914881,102.1990509,0.0256219
343,Jamaica,2009,9.579566002,#N/A,#N/A,#N/A,#N/A,106.7155838,0.066909
158,Japan,2009,-1.352839351,#N/A,#N/A,#N/A,#N/A,101.5268402,0.0200239
916,Kazakhstan,2009,7.312164307,#N/A,#N/A,#N/A,#N/A,87.1739883,-0.1550117
664,Kenya,2009,10.52043343,#N/A,#N/A,#N/A,#N/A,102.7062607,0.0245077
542,"Korea, Rep.",2009,2.756687164,2.5,3.5,3,-0.243312836,103.5045395,0.0367973
921,Moldova,2009,0.006,#N/A,#N/A,#N/A,#N/A,104.6342087,0.07264
273,Mexico,2009,5.297363281,2,4,3,2.297363281,99.3146667,-0.0063042
142,Norway,2009,2.197387218,1.5,3.5,2.5,-0.302612782,92.8867722,-0.1188523
196,New Zealand,2009,2.1156497,1,3,2,0.1156497,101.1983795,0.0062421
293,Peru,2009,2.934996367,1,3,2,0.934996367,98.1222382,-0.0129415
566,Philippines,2009,4.21324873,4,5,4.5,-0.28675127,102.1259003,0.0275583
964,Poland,2009,3.795387983,1.5,3.5,2.5,1.295387983,101.3474274,0.0133187
288,Paraguay,2009,2.593739033,#N/A,#N/A,#N/A,#N/A,98.412941,0.0037534
968,Romania,2009,5.582868576,#N/A,#N/A,#N/A,#N/A,100.3863983,0.0047623
922,Russian Federation,2009,11.64733505,#N/A,#N/A,#N/A,#N/A,93.7980118,-0.0854612
942,Serbia,2009,8.132009506,#N/A,#N/A,#N/A,#N/A,102.1027069,0.0354942
718,Seychelles,2009,31.75399971,#N/A,#N/A,#N/A,#N/A,114.2221603,0.083779
524,Sri Lanka,2009,3.430000067,#N/A,#N/A,#N/A,#N/A,102.4625092,0.0344937
144,Sweden,2009,-0.49445942,1,3,2,-2.49445942,100.7670135,0.0100362
578,Thailand,2009,-0.840862751,0.125,3.375,1.75,-2.590862751,103.1181641,0.0347998
186,Turkey,2009,6.250977993,5.5,9.5,7.5,-1.249022007,101.8199387,0.0143206
746,Uganda,2009,13.00725842,#N/A,#N/A,#N/A,#N/A,101.5919647,0.0177397
926,Ukraine,2009,15.85527611,#N/A,#N/A,#N/A,#N/A,101.9663239,0.0433418
298,Uruguay,2009,7.064531803,3,7,5,2.064531803,100.255249,0.0169297
927,Uzbekistan,2009,12.29800034,#N/A,#N/A,#N/A,#N/A,#N/A,#N/A
199,South Africa,2009,7.264559746,3,6,4.5,2.764559746,101.1507263,0.0110436
914,Albania,2010,3.56525135,2,4,3,0.56525135,100.5024414,-0.0074657
213,Argentina,2010,10.46100044,#N/A,#N/A,#N/A,#N/A,98.3109589,0.0054955
911,Armenia,2010,7.274000168,2.5,5.5,4,3.274000168,101.8228455,-0.0011992
193,Australia,2010,2.918346405,2,4,3,-0.081653595,101.2532654,0.0241894
223,Brazil,2010,5.038728237,2.5,6.5,4.5,0.538728237,100.1215134,0.0064317
156,Canada,2010,1.776877522,1,3,2,-0.223122478,99.4310913,0.0102946
228,Chile,2010,1.410811901,2,4,3,-1.589188099,102.270607,0.0570608
233,Colombia,2010,2.271184206,2,4,3,-0.728815794,99.4732208,0.0162933
238,Costa Rica,2010,5.662693024,#N/A,#N/A,#N/A,#N/A,101.2302399,-0.0099509
935,Czech Republic,2010,1.472733974,1,3,2,-0.527266026,100.72229,-0.0103725
243,Dominican Republic,2010,6.336679935,#N/A,#N/A,#N/A,#N/A,101.0475311,-0.0037227
184,Spain,2010,1.799884915,#N/A,#N/A,#N/A,#N/A,100.6869431,-0.0078494
172,Finland,2010,1.184139132,#N/A,#N/A,#N/A,#N/A,100.3128357,-0.0098333
112,United Kingdom,2010,2.502840519,1,3,2,0.502840519,100.0526505,-0.0012776
915,Georgia,2010,7.114170074,5,7,6,1.114170074,102.0719681,-0.0074748
652,Ghana,2010,6.697999954,8,10,9,-2.302000046,101.4571152,-0.0030285
258,Guatemala,2010,3.864031076,4,6,5,-1.135968924,101.5743561,-0.0056177
944,Hungary,2010,4.855552197,2,4,3,1.855552197,100.1599274,-0.0082713
536,Indonesia,2010,5.134202003,4,6,5,0.134202003,100.8055725,0.0174676
534,India,2010,11.98939419,#N/A,#N/A,#N/A,#N/A,100.8730621,-0.0112575
176,Iceland,2010,5.396731853,1,4,2.5,2.896731853,106.5001755,0.034892
436,Israel,2010,2.70765686,1,3,2,0.70765686,100.9353714,-0.0125197
343,Jamaica,2010,12.59052181,#N/A,#N/A,#N/A,#N/A,103.3749313,-0.0323159
158,Japan,2010,-0.719976306,#N/A,#N/A,#N/A,#N/A,100.5423584,-0.0097917
916,Kazakhstan,2010,7.081659317,#N/A,#N/A,#N/A,#N/A,94.3917236,0.0764658
664,Kenya,2010,4.078745842,#N/A,#N/A,#N/A,#N/A,101.4388275,-0.0124946
542,"Korea, Rep.",2010,2.939177752,2,4,3,-0.060822248,101.1768036,-0.0230066
921,Moldova,2010,7.357999802,5,6.5,5.75,1.607999802,102.085968,-0.0249617
273,Mexico,2010,4.156723976,2,4,3,1.156723976,99.6966782,0.0038317
142,Norway,2010,2.418909788,1.5,3.5,2.5,-0.081090212,96.5228958,0.0376711
196,New Zealand,2010,2.302030563,1,3,2,0.302030563,101.259819,0.0006068
293,Peru,2010,1.531692863,1,3,2,-0.468307137,101.2796097,0.0311748
566,Philippines,2010,3.791506529,3.5,5.5,4.5,-0.708493471,101.2729874,-0.0084219
964,Poland,2010,2.580699205,1.5,3.5,2.5,0.080699205,100.6857452,-0.0065718
288,Paraguay,2010,4.672896862,#N/A,#N/A,#N/A,#N/A,98.1509323,-0.0026694
968,Romania,2010,6.117902756,#N/A,#N/A,#N/A,#N/A,100.2009964,-0.0018503
922,Russian Federation,2010,6.849390984,#N/A,#N/A,#N/A,#N/A,97.076088,0.0337681
942,Serbia,2010,6.13611412,#N/A,#N/A,#N/A,#N/A,100.6572876,-0.0143598
718,Seychelles,2010,-2.404999971,#N/A,#N/A,#N/A,#N/A,110.7592926,-0.0312648
524,Sri Lanka,2010,6.25,#N/A,#N/A,#N/A,#N/A,101.0218277,-0.0142611
144,Sweden,2010,1.157981992,1,3,2,-0.842018008,100.4644699,-0.0030114
578,Thailand,2010,3.272336245,0.5,3,1.75,1.522336245,102.1312714,-0.009663
186,Turkey,2010,8.566448212,4.5,8.5,6.5,2.066448212,100.2673798,-0.0154842
746,Uganda,2010,3.995403528,#N/A,#N/A,#N/A,#N/A,101.0855789,-0.0050095
926,Ukraine,2010,9.329396248,#N/A,#N/A,#N/A,#N/A,101.2542648,-0.0070324
298,Uruguay,2010,6.701623917,4,6,5,1.701623917,100.0845795,-0.0017053
927,Uzbekistan,2010,12.3039999,#N/A,#N/A,#N/A,#N/A,#N/A,#N/A
199,South Africa,2010,4.063543797,3,6,4.5,-0.436456203,101.4093094,0.0025499
914,Albania,2011,3.414678335,2,4,3,0.414678335,99.7654572,-0.0073872
213,Argentina,2011,9.774999619,#N/A,#N/A,#N/A,#N/A,99.6720886,0.0136561
911,Armenia,2011,7.652999878,2.5,5.5,4,3.652999878,100.3956833,-0.0142154
193,Australia,2011,3.303846121,2,4,3,0.303846121,102.2387924,0.0096395
223,Brazil,2011,6.636365891,2.5,6.5,4.5,2.136365891,100.4745636,0.0035138
156,Canada,2011,2.91212821,1,3,2,0.91212821,100.3511658,0.0091685
228,Chile,2011,3.340318918,2,4,3,0.340318918,102.6684723,0.0038752
233,Colombia,2011,3.417591095,2,4,3,0.417591095,100.9032516,0.0141723
238,Costa Rica,2011,4.878147125,#N/A,#N/A,#N/A,#N/A,100.2023315,-0.0102583
935,Czech Republic,2011,1.917218566,1,3,2,-0.082781434,99.8314667,-0.0089233
243,Dominican Republic,2011,8.446949959,#N/A,#N/A,#N/A,#N/A,99.9391098,-0.011091
184,Spain,2011,3.196138859,#N/A,#N/A,#N/A,#N/A,99.8553009,-0.0083285
172,Finland,2011,3.416808844,#N/A,#N/A,#N/A,#N/A,99.6006317,-0.0071506
112,United Kingdom,2011,3.884572744,1,3,2,1.884572744,99.9241486,-0.001286
915,Georgia,2011,8.516670227,5,7,6,2.516670227,99.9849091,-0.0208737
652,Ghana,2011,7.676000118,8,10,9,-1.323999882,100.7252045,-0.0072664
258,Guatemala,2011,6.213489056,4,6,5,1.213489056,100.90242,-0.0066593
944,Hungary,2011,3.929922104,2,4,3,0.929922104,99.7677689,-0.0039307
536,Indonesia,2011,5.356054306,4,6,5,0.356054306,101.620575,0.0080201
534,India,2011,8.858354568,#N/A,#N/A,#N/A,#N/A,99.747345,-0.0112857
176,Iceland,2011,4.001022339,1,4,2.5,1.501022339,105.3369751,-0.0110427
436,Israel,2011,3.467388868,1,3,2,1.467388868,99.7257233,-0.0121298
343,Jamaica,2011,7.531114578,#N/A,#N/A,#N/A,#N/A,99.8795471,-0.034996
158,Japan,2011,-0.267631501,#N/A,#N/A,#N/A,#N/A,99.6831055,-0.0086198
916,Kazakhstan,2011,8.363540649,#N/A,#N/A,#N/A,#N/A,101.2283707,0.0675369
664,Kenya,2011,14.03341007,#N/A,#N/A,#N/A,#N/A,99.8249664,-0.0161669
542,"Korea, Rep.",2011,4.025851727,2,4,3,1.025851727,99.0655594,-0.0213116
921,Moldova,2011,7.650000095,5,6.5,5.75,1.900000095,99.7031403,-0.0238992
273,Mexico,2011,3.407374859,2,4,3,0.407374859,99.9590683,0.002625
142,Norway,2011,1.284952641,1.5,3.5,2.5,-1.215047359,100.6994781,0.0414757
196,New Zealand,2011,4.027902603,1,3,2,2.027902603,100.8410492,-0.0041528
293,Peru,2011,3.370568514,1,3,2,1.370568514,101.4042282,0.0012289
566,Philippines,2011,4.718330383,3,5,4,0.718330383,99.9823685,-0.0129085
964,Poland,2011,4.239399433,1.5,3.5,2.5,1.739399433,99.9397888,-0.0074641
288,Paraguay,2011,8.241758347,#N/A,#N/A,#N/A,#N/A,99.4013901,0.0125799
968,Romania,2011,5.787102222,#N/A,#N/A,#N/A,#N/A,99.9788666,-0.0022218
922,Russian Federation,2011,8.44047451,#N/A,#N/A,#N/A,#N/A,100.5908279,0.034941
942,Serbia,2011,11.13807487,#N/A,#N/A,#N/A,#N/A,99.6762314,-0.0098424
718,Seychelles,2011,2.559000015,#N/A,#N/A,#N/A,#N/A,102.28228,-0.0828786
524,Sri Lanka,2011,6.72300005,#N/A,#N/A,#N/A,#N/A,99.7957535,-0.0122858
144,Sweden,2011,2.961152792,1,3,2,0.961152792,100.0381241,-0.0042618
578,Thailand,2011,3.803109169,0.5,3,1.75,2.053109169,100.8196411,-0.0130097
186,Turkey,2011,6.471874714,3.5,7.5,5.5,0.971874714,99.3514252,-0.0092193
746,Uganda,2011,18.66065407,#N/A,#N/A,#N/A,#N/A,100.3728714,-0.0071006
926,Ukraine,2011,7.946462631,#N/A,#N/A,#N/A,#N/A,100.133194,-0.0111958
298,Uruguay,2011,8.098575592,4,6,5,3.098575592,100.0293274,-0.0005524
927,Uzbekistan,2011,12.44699955,#N/A,#N/A,#N/A,#N/A,#N/A,#N/A
199,South Africa,2011,5.017158031,3,6,4.5,0.517158031,100.9495621,-0.0045542
914,Albania,2012,2.027812958,2,4,3,-0.972187042,100,0.0023454
213,Argentina,2012,10.04300022,#N/A,#N/A,#N/A,#N/A,100,0.0032791
911,Armenia,2012,2.539999962,2.5,5.5,4,-1.460000038,100,-0.0039568
193,Australia,2012,1.762778163,2,4,3,-1.237221837,100,-0.0223879
223,Brazil,2012,5.403556347,2.5,6.5,4.5,0.903556347,100,-0.0047456
156,Canada,2012,1.515683413,1,3,2,-0.484316587,100,-0.0035117
228,Chile,2012,3.006518602,2,4,3,0.006518602,100,-0.0266847
233,Colombia,2012,3.167319059,2,4,3,0.167319059,100,-0.0090325
238,Costa Rica,2012,4.495378494,#N/A,#N/A,#N/A,#N/A,100,-0.0020233
935,Czech Republic,2012,3.287616968,1,3,2,1.287616968,100,0.0016853
243,Dominican Republic,2012,3.677484035,4,6,5,-1.322515965,100,0.0006089
184,Spain,2012,2.446004391,#N/A,#N/A,#N/A,#N/A,100,0.001447
172,Finland,2012,2.808328867,#N/A,#N/A,#N/A,#N/A,100,0.0039937
112,United Kingdom,2012,2.564104319,1,3,2,0.564104319,100,0.0007585
915,Georgia,2012,-0.913839936,5,7,6,-6.913839936,100,0.0001509
652,Ghana,2012,7.072000027,6.5,10.5,8.5,-1.427999973,100,-0.007252
258,Guatemala,2012,3.78087163,3.5,5.5,4.5,-0.71912837,100,-0.0090242
944,Hungary,2012,5.652146339,2,4,3,2.652146339,100,0.0023223
536,Indonesia,2012,4.279510498,3.5,5.5,4.5,-0.220489502,100,-0.0162057
534,India,2012,9.312450409,#N/A,#N/A,#N/A,#N/A,100,0.0025266
176,Iceland,2012,5.185903549,1,4,2.5,2.685903549,100,-0.0533698
436,Israel,2012,1.684226155,1,3,2,-0.315773845,100,0.0027428
343,Jamaica,2012,6.87825489,#N/A,#N/A,#N/A,#N/A,100,0.0012045
158,Japan,2012,-0.051942226,1,3,2,-2.051942226,100,0.0031689
916,Kazakhstan,2012,5.168441296,#N/A,#N/A,#N/A,#N/A,100,-0.0122837
664,Kenya,2012,9.367690086,#N/A,#N/A,#N/A,#N/A,100,0.0017503
542,"Korea, Rep.",2012,2.187217236,2,4,3,-0.812782764,100,0.0093444
921,Moldova,2012,4.558000088,5,6.5,5.75,-1.191999912,100,0.0029686
273,Mexico,2012,4.111514568,2,4,3,1.111514568,100,0.0004093
142,Norway,2012,0.696865737,1.5,3.5,2.5,-1.803134263,100,-0.0069948
196,New Zealand,2012,1.059915066,1,3,2,-0.940084934,100,-0.0084105
293,Peru,2012,3.656748295,1,3,2,1.656748295,100,-0.0140423
566,Philippines,2012,3.165097475,3,5,4,-0.834902525,100,0.0001763
964,Poland,2012,3.560366631,1.5,3.5,2.5,1.060366631,100,0.0006021
288,Paraguay,2012,3.680195093,5,7.5,6.25,-2.569804907,100,0.0059861
968,Romania,2012,3.337636948,#N/A,#N/A,#N/A,#N/A,100,0.0002113
922,Russian Federation,2012,5.074727058,#N/A,#N/A,#N/A,#N/A,100,-0.0059083
942,Serbia,2012,7.325327873,#N/A,#N/A,#N/A,#N/A,100,0.0032377
718,Seychelles,2012,7.110000134,#N/A,#N/A,#N/A,#N/A,100,-0.0228228
524,Sri Lanka,2012,7.537000179,#N/A,#N/A,#N/A,#N/A,100,0.0020425
144,Sweden,2012,0.888376236,1,3,2,-1.111623764,100,-0.0003812
578,Thailand,2012,3.0100348,0.5,3,1.75,1.2600348,100,-0.0081964
186,Turkey,2012,8.891575813,3,7,5,3.891575813,100,0.0064857
746,Uganda,2012,14.03011322,#N/A,#N/A,#N/A,#N/A,100,-0.0037287
926,Ukraine,2012,0.590463579,#N/A,#N/A,#N/A,#N/A,100,-0.0013319
298,Uruguay,2012,8.100188255,4,6,5,3.100188255,100,-0.0002933
927,Uzbekistan,2012,11.89999962,#N/A,#N/A,#N/A,#N/A,#N/A,#N/A
199,South Africa,2012,5.723938942,3,6,4.5,1.223938942,100,-0.0094956
914,Albania,2013,1.934749007,2,4,3,-1.065250993,99.9694061,-0.000306
213,Argentina,2013,10.61900043,#N/A,#N/A,#N/A,#N/A,99.9240875,-0.0007597
911,Armenia,2013,5.788000107,2.5,5.5,4,1.788000107,99.6250076,-0.003764
193,Australia,2013,2.449888945,2,4,3,-0.550111055,100.0016937,0.0000169
223,Brazil,2013,6.204329014,2.5,6.5,4.5,1.704329014,100.0031662,0.0000317
156,Canada,2013,0.938287079,1,3,2,-1.061712921,100.1141357,0.0011401
228,Chile,2013,1.928220272,2,4,3,-1.071779728,99.7245178,-0.0027624
233,Colombia,2013,2.018100023,2,4,3,-0.981899977,99.8371582,-0.0016311
238,Costa Rica,2013,5.231245518,#N/A,#N/A,#N/A,#N/A,99.7134857,-0.0028734
935,Czech Republic,2013,1.438297391,1,3,2,-0.561702609,99.8922348,-0.0010788
243,Dominican Republic,2013,4.815150738,4,6,5,-0.184849262,99.7909393,-0.002095
184,Spain,2013,1.408547759,#N/A,#N/A,#N/A,#N/A,99.8919144,-0.001082
172,Finland,2013,1.478294015,#N/A,#N/A,#N/A,#N/A,100.0608673,0.0006083
112,United Kingdom,2013,2.291663408,1,3,2,0.291663408,99.9784927,-0.0002151
915,Georgia,2013,-0.511511803,5,7,6,-6.511511803,99.9212036,-0.0007886
652,Ghana,2013,11.67140293,7.5,11.5,9.5,2.171402931,100.2709885,0.0027026
258,Guatemala,2013,4.338778496,3,5,4,0.338778496,99.1961823,-0.0081033
944,Hungary,2013,1.733199477,2,4,3,-1.266800523,99.9433365,-0.000567
536,Indonesia,2013,6.41249609,3.5,5.5,4.5,1.91249609,99.3123932,-0.0069237
534,India,2013,10.90764236,#N/A,#N/A,#N/A,#N/A,100.0919418,0.0009186
176,Iceland,2013,3.872270823,1,4,2.5,1.372270823,103.9406815,0.0379128
436,Israel,2013,1.571394086,1,3,2,-0.428605914,99.9665833,-0.0003343
343,Jamaica,2013,9.346518517,#N/A,#N/A,#N/A,#N/A,99.4954987,-0.0050706
158,Japan,2013,0.346442968,1,3,2,-1.653557032,99.8709869,-0.0012918
916,Kazakhstan,2013,5.802983284,#N/A,#N/A,#N/A,#N/A,100.602417,0.0059881
664,Kenya,2013,5.734951973,#N/A,#N/A,#N/A,#N/A,99.550766,-0.0045126
542,"Korea, Rep.",2013,1.301376224,2.5,3.5,3,-1.698623776,99.806572,-0.001938
921,Moldova,2013,4.568999767,5,6.5,5.75,-1.181000233,99.4876022,-0.0051504
273,Mexico,2013,3.806387663,2,4,3,0.806387663,100.0608368,0.000608
142,Norway,2013,2.120480061,1.5,3.5,2.5,-0.379519939,101.2796402,0.0126347
196,New Zealand,2013,1.134419084,1,3,2,-0.865580916,100.4200821,0.0041832
293,Peru,2013,2.807268381,1,3,2,0.807268381,99.9965057,-0.0000349
566,Philippines,2013,2.946084261,3,5,4,-1.053915739,100.0016022,0.000016
964,Poland,2013,0.991986692,1.5,3.5,2.5,-1.508013308,99.865715,-0.0013447
288,Paraguay,2013,2.672379971,5,7,6,-3.327620029,99.7204742,-0.0028031
968,Romania,2013,3.991640568,#N/A,#N/A,#N/A,#N/A,100.0219955,0.0002199
922,Russian Federation,2013,6.754668236,#N/A,#N/A,#N/A,#N/A,100.3428497,0.0034168
942,Serbia,2013,7.700123787,#N/A,#N/A,#N/A,#N/A,99.6217194,-0.0037972
718,Seychelles,2013,4.339000225,#N/A,#N/A,#N/A,#N/A,105.9663544,0.0563042
524,Sri Lanka,2013,6.903999805,#N/A,#N/A,#N/A,#N/A,99.5104065,-0.00492
144,Sweden,2013,-0.044290561,1,3,2,-2.044290561,100.1122513,0.0011213
578,Thailand,2013,2.185977459,0.5,3,1.75,0.435977459,99.5871201,-0.0041459
186,Turkey,2013,7.493082523,3,7,5,2.493082523,99.921875,-0.0007819
746,Uganda,2013,5.470560074,#N/A,#N/A,#N/A,#N/A,99.9576874,-0.0004233
926,Ukraine,2013,-0.230589375,#N/A,#N/A,#N/A,#N/A,99.433136,-0.005701
298,Uruguay,2013,8.576975822,3,7,5,3.576975822,100.0067062,0.0000671
927,Uzbekistan,2013,11.69999981,#N/A,#N/A,#N/A,#N/A,#N/A,#N/A
199,South Africa,2013,5.776408672,3,6,4.5,1.276408672,99.9551773,-0.0004484
914,Albania,2014,1.62194705,2,4,3,-1.37805295,100.1251831,0.0015558
213,Argentina,2014,38.08060074,#N/A,#N/A,#N/A,#N/A,99.3957825,-0.0053152
911,Armenia,2014,2.980999947,2.5,5.5,4,-1.019000053,99.8082123,0.0018356
193,Australia,2014,2.487923622,2,4,3,-0.512076378,98.3250732,-0.0170518
223,Brazil,2014,6.329156876,2.5,6.5,4.5,1.829156876,99.5490494,-0.0045617
156,Canada,2014,1.90663445,1,3,2,-0.09336555,99.8093719,-0.0030535
228,Chile,2014,4.394999504,2,4,3,1.394999504,99.0685196,-0.0066217
233,Colombia,2014,2.897822618,2,4,3,-0.102177382,99.2684784,-0.0057287
238,Costa Rica,2014,4.519374371,#N/A,#N/A,#N/A,#N/A,100.4277802,0.0071125
935,Czech Republic,2014,0.343989104,1,3,2,-1.656010896,100.1161499,0.0022366
243,Dominican Republic,2014,3.005018234,3,5,4,-0.994981766,100.4319992,0.006383
184,Spain,2014,-0.150875106,#N/A,#N/A,#N/A,#N/A,100.2756348,0.0038267
172,Finland,2014,1.041195989,#N/A,#N/A,#N/A,#N/A,100.5045395,0.0044144
112,United Kingdom,2014,1.425663471,1,3,2,-0.574336529,100.0203857,0.0004188
915,Georgia,2014,3.069252491,5,7,6,-2.930747509,100.3797073,0.0045677
652,Ghana,2014,15.49037647,7.5,11.5,9.5,5.990376472,100.8410034,0.0056526
258,Guatemala,2014,3.417805195,3,5,4,-0.582194805,99.9490585,0.0075326
944,Hungary,2014,-0.227565974,2,4,3,-3.227565974,99.8996429,-0.0004374
536,Indonesia,2014,6.394927502,3.5,5.5,4.5,1.894927502,98.8848801,-0.0043233
534,India,2014,6.35319519,#N/A,#N/A,#N/A,#N/A,100.6617889,0.005661
176,Iceland,2014,2.044620752,1,4,2.5,-0.455379248,104.5261383,0.0056011
436,Israel,2014,0.48502472,1,3,2,-1.51497528,100.399498,0.0043119
343,Jamaica,2014,8.295843124,#N/A,#N/A,#N/A,#N/A,100.7781677,0.0127276
158,Japan,2014,2.761951447,1,3,2,0.761951447,100.2310944,0.0035928
916,Kazakhstan,2014,6.604459763,#N/A,#N/A,#N/A,#N/A,98.1379166,-0.0251126
664,Kenya,2014,6.884534836,#N/A,#N/A,#N/A,#N/A,100.0112457,0.0046043
542,"Korea, Rep.",2014,1.274721265,2.5,3.5,3,-1.725278735,100.7925415,0.0097822
921,Moldova,2014,5.058000088,5,6.5,5.75,-0.691999912,99.6123962,0.0012528
273,Mexico,2014,4.018618107,2,4,3,1.018618107,100.0424118,-0.0001842
142,Norway,2014,2.041705608,1.5,3.5,2.5,-0.458294392,100.4857178,-0.0079008
196,New Zealand,2014,1.227515459,1,3,2,-0.772484541,101.2585907,0.0082809
293,Peru,2014,3.248305559,1,3,2,1.248305559,100.2197647,0.0022277
566,Philippines,2014,4.167816162,3,5,4,0.167816162,100.3742371,0.0037125
964,Poland,2014,0.053822465,1.5,3.5,2.5,-2.446177535,100.1034927,0.0023753
288,Paraguay,2014,4.997018814,4.5,6.5,5.5,-0.502981186,99.1923294,-0.0053245
968,Romania,2014,1.070372581,#N/A,#N/A,#N/A,#N/A,100.0700989,0.0004807
922,Russian Federation,2014,7.820171356,#N/A,#N/A,#N/A,#N/A,99.1743469,-0.0117823
942,Serbia,2014,2.101441383,#N/A,#N/A,#N/A,#N/A,99.5142212,-0.0010802
718,Seychelles,2014,1.386000037,#N/A,#N/A,#N/A,#N/A,108.1527557,0.0202159
524,Sri Lanka,2014,2.838000059,#N/A,#N/A,#N/A,#N/A,99.7796326,0.0026982
144,Sweden,2014,-0.179638565,1,3,2,-2.179638565,100.0033951,-0.0010885
578,Thailand,2014,1.894316912,0.5,3,1.75,0.144316912,99.2093658,-0.0038076
186,Turkey,2014,8.854578972,3,7,5,3.854578972,100.4781799,0.0055366
746,Uganda,2014,4.296002865,#N/A,#N/A,#N/A,#N/A,100.5677872,0.0060666
926,Ukraine,2014,12.14751339,#N/A,#N/A,#N/A,#N/A,97.733757,-0.0173878
298,Uruguay,2014,8.875323296,3,7,5,3.875323296,100.4611282,0.0045234
927,Uzbekistan,2014,9.079000473,#N/A,#N/A,#N/A,#N/A,#N/A,#N/A
199,South Africa,2014,6.136020184,3,6,4.5,1.636020184,99.3359604,-0.0062336
914,Albania,2015,1.910179138,2,4,3,-1.089820862,101.3696823,0.0122768
213,Argentina,2015,26.53840065,#N/A,#N/A,#N/A,#N/A,98.8913269,-0.0051011
911,Armenia,2015,3.730999947,2.5,5.5,4,-0.269000053,103.349884,0.0342688
193,Australia,2015,1.508367896,2,4,3,-1.491632104,96.0796585,-0.0233703
223,Brazil,2015,9.02980423,2.5,6.5,4.5,4.52980423,98.8678436,-0.0068901
156,Canada,2015,1.125245214,1,3,2,-0.874754786,97.3208008,-0.0255708
228,Chile,2015,4.348870277,2,4,3,1.348870277,99.1023026,0.0003409
233,Colombia,2015,4.990231991,2,4,3,1.990231991,95.2027206,-0.0427063
238,Costa Rica,2015,0.801950455,#N/A,#N/A,#N/A,#N/A,103.0871811,0.0257976
935,Czech Republic,2015,0.309365571,1,3,2,-1.690634429,102.7586823,0.0257159
243,Dominican Republic,2015,0.846721232,3,5,4,-3.153278768,104.2820511,0.0369196
184,Spain,2015,-0.5004583,#N/A,#N/A,#N/A,#N/A,102.8227844,0.0247722
172,Finland,2015,-0.2079283,#N/A,#N/A,#N/A,#N/A,102.2307434,0.0168854
112,United Kingdom,2015,0.40160796,1,3,2,-1.59839204,100.481514,0.0045892
915,Georgia,2015,4.02841711,4,6,5,-0.97158289,104.9201431,0.0432752
652,Ghana,2015,17.14619446,6,10,8,9.146194458,98.0390778,-0.0285797
258,Guatemala,2015,2.388853788,3,5,4,-1.611146212,102.6082077,0.0259156
944,Hungary,2015,-0.061645631,2,4,3,-3.061645631,101.6577606,0.0172945
536,Indonesia,2015,6.363123417,3,5,4,2.363123417,98.9597321,0.0007564
534,India,2015,5.872425079,#N/A,#N/A,#N/A,#N/A,104.1593323,0.0335788
176,Iceland,2015,1.633059502,1,4,2.5,-0.866940498,104.1817474,-0.0033057
436,Israel,2015,-0.63248688,1,3,2,-2.63248688,103.2527618,0.0276338
343,Jamaica,2015,3.677726746,#N/A,#N/A,#N/A,#N/A,109.3014908,0.0779799
158,Japan,2015,0.789517403,1,3,2,-1.210482597,102.9830017,0.026722
916,Kazakhstan,2015,6.720479965,3,5,4,2.720479965,82.9719315,-0.1827845
664,Kenya,2015,6.590771675,#N/A,#N/A,#N/A,#N/A,104.7353821,0.0451054
542,"Korea, Rep.",2015,0.706206322,2.5,3.5,3,-2.293793678,106.2907639,0.0517281
921,Moldova,2015,9.628000259,5,6.5,5.75,3.878000259,103.9020081,0.0412852
273,Mexico,2015,2.720640898,2,4,3,-0.279359102,99.3234787,-0.0072383
142,Norway,2015,2.171136618,1.5,3.5,2.5,-0.328863382,90.7514114,-0.1072634
196,New Zealand,2015,0.292701483,1,3,2,-1.707298517,102.4450302,0.0115812
293,Peru,2015,3.54755187,1,3,2,1.54755187,99.3979263,-0.0082682
566,Philippines,2015,1.403408766,2,4,3,-1.596591234,102.8238754,0.0238236
964,Poland,2015,-0.874127567,1.5,3.5,2.5,-3.374127567,102.1701584,0.0202277
288,Paraguay,2015,3.131807089,4.5,6.5,5.5,-2.368192911,99.3835754,0.0019243
968,Romania,2015,-0.602538645,#N/A,#N/A,#N/A,#N/A,100.9536667,0.0087522
922,Russian Federation,2015,15.53440189,3,5,4,11.53440189,90.3062439,-0.0982003
942,Serbia,2015,1.392163873,#N/A,#N/A,#N/A,#N/A,102.1547623,0.0258484
718,Seychelles,2015,4.041999817,#N/A,#N/A,#N/A,#N/A,118.5687408,0.0878476
524,Sri Lanka,2015,3.752570152,#N/A,#N/A,#N/A,#N/A,104.1104736,0.0415985
144,Sweden,2015,-0.046784438,1,3,2,-2.046784438,100.7833557,0.007739
578,Thailand,2015,-0.899406552,1.5,3.5,2.5,-3.399406552,103.7852631,0.04409
186,Turkey,2015,7.6708498,3,7,5,2.6708498,102.0014267,0.0149336
746,Uganda,2015,3.690278769,#N/A,#N/A,#N/A,#N/A,103.1431274,0.0249686
926,Ukraine,2015,48.56735992,12,18,15,33.56735992,100.9442291,0.0318044
298,Uruguay,2015,8.668152809,3,7,5,3.668152809,101.4548721,0.0097949
927,Uzbekistan,2015,8.463999748,#N/A,#N/A,#N/A,#N/A,#N/A,#N/A
199,South Africa,2015,4.509208202,3,6,4.5,0.009208202,100.7323151,0.013862
914,Albania,2016,1.291233778,2,4,3,-1.708766222,101.3910751,0.000211
213,Argentina,2016,39.40000153,#N/A,#N/A,#N/A,#N/A,99.3226166,0.0043423
911,Armenia,2016,-1.406000018,2.5,5.5,4,-5.406000018,104.9720612,0.0154534
193,Australia,2016,1.276992798,2,4,3,-1.723007202,96.6127243,0.0055176
223,Brazil,2016,8.739128113,2.5,6.5,4.5,4.239128113,99.3748856,0.0051023
156,Canada,2016,1.428756714,1,3,2,-0.571243286,96.8169022,-0.0052047
228,Chile,2016,3.786659241,2,4,3,0.786659241,99.4465942,0.0034621
233,Colombia,2016,7.514289856,2,4,3,4.514289856,94.9350891,-0.0028191
238,Costa Rica,2016,-0.017555237,#N/A,#N/A,#N/A,#N/A,103.7925262,0.0067957
935,Czech Republic,2016,0.683505237,1,3,2,-1.316494763,103.3461151,0.0056841
243,Dominican Republic,2016,1.625396729,3,5,4,-2.374603271,105.1786804,0.0085248
184,Spain,2016,-0.202674866,#N/A,#N/A,#N/A,#N/A,103.350769,0.0051087
172,Finland,2016,0.356684387,#N/A,#N/A,#N/A,#N/A,102.4090271,0.0017409
112,United Kingdom,2016,1,1,3,2,-1,100.5280151,0.0004626
915,Georgia,2016,2.121477365,4,6,5,-2.878522635,105.9996719,0.0101843
652,Ghana,2016,17.43855095,6,10,8,9.438550949,97.0990219,-0.0096814
258,Guatemala,2016,4.451478958,3,5,4,0.451478958,104.1484451,0.0147889
944,Hungary,2016,0.394767761,2,4,3,-2.605232239,101.7169418,0.0005818
536,Indonesia,2016,3.525802612,3,5,4,-0.474197388,99.7173157,0.0075973
534,India,2016,4.94102478,2,6,4,0.94102478,104.6338882,0.0045354
176,Iceland,2016,1.696929932,1,4,2.5,-0.803070068,108.5261765,0.0400312
436,Israel,2016,-0.544387817,1,3,2,-2.544387817,103.5874252,0.0032307
343,Jamaica,2016,2.352599621,#N/A,#N/A,#N/A,#N/A,110.5937881,0.0116851
158,Japan,2016,-0.116668701,1,3,2,-2.116668701,103.5424805,0.0054034
916,Kazakhstan,2016,14.59035873,3,5,4,10.59035873,80.5028687,-0.0306705
664,Kenya,2016,6.327321053,#N/A,#N/A,#N/A,#N/A,105.0557022,0.0030491
542,"Korea, Rep.",2016,0.971672535,1,3,2,-1.028327465,107.4073105,0.0103954
921,Moldova,2016,6.381999969,5,6.5,5.75,0.631999969,104.5600281,0.0062932
273,Mexico,2016,2.821708679,2,4,3,-0.178291321,99.3422012,0.0001885
142,Norway,2016,3.550003052,1.5,3.5,2.5,1.050003052,88.3608475,-0.0270546
196,New Zealand,2016,0.646240234,1,3,2,-1.353759766,102.780304,0.003262
293,Peru,2016,3.592113256,1,3,2,1.592113256,99.2726059,-0.0012624
566,Philippines,2016,1.80812192,2,4,3,-1.19187808,103.2985306,0.004595
964,Poland,2016,-0.664764404,1.5,3.5,2.5,-3.164764404,102.4263611,0.0025013
288,Paraguay,2016,4.082562923,4.5,6.5,5.5,-1.417437077,100.4979553,0.0110886
968,Romania,2016,-1.552147627,#N/A,#N/A,#N/A,#N/A,100.9243622,-0.0002904
922,Russian Federation,2016,7.042434692,3,5,4,3.042434692,88.2416077,-0.0233975
942,Serbia,2016,1.122162104,#N/A,#N/A,#N/A,#N/A,102.7807541,0.0060906
718,Seychelles,2016,-1.014000058,#N/A,#N/A,#N/A,#N/A,126.7617493,0.0646331
524,Sri Lanka,2016,3.974718809,#N/A,#N/A,#N/A,#N/A,104.337616,0.002177
144,Sweden,2016,0.984268188,1,3,2,-1.015731812,101.0238953,0.002381
578,Thailand,2016,0.187514067,1.5,3.5,2.5,-2.312485933,105.639946,0.0175566
186,Turkey,2016,7.775131226,3,7,5,2.775131226,102.0765686,0.0007361
746,Uganda,2016,5.168877602,#N/A,#N/A,#N/A,#N/A,103.7238235,0.0055985
926,Ukraine,2016,13.95196629,12,18,15,-1.048033714,102.7378693,0.0174584
298,Uruguay,2016,9.633796692,3,7,5,4.633796692,101.9983673,0.0053285
927,Uzbekistan,2016,7.981999874,#N/A,#N/A,#N/A,#N/A,#N/A,#N/A
199,South Africa,2016,6.594604492,3,6,4.5,2.094604492,101.6932526,0.0094494
914,Albania,2017,1.987,2,4,3,-1.013,101.337265,-0.000531
213,Argentina,2017,25.675,12,17,14.5,11.175,99.1465683,-0.0017756
911,Armenia,2017,1.031,2.5,5.5,4,-2.969,104.5614166,-0.0039273
193,Australia,2017,1.972,2,4,3,-1.028,98.2286072,0.0164502
223,Brazil,2017,3.446,2.5,6.5,4.5,-1.054,99.3380661,-0.0003706
156,Canada,2017,1.603,1,3,2,-0.397,97.7650833,0.0096986
228,Chile,2017,2.183,2,4,3,-0.817,101.858551,0.0236795
233,Colombia,2017,4.314,2,4,3,1.314,96.4632568,0.015842
238,Costa Rica,2017,1.626,#N/A,#N/A,#N/A,#N/A,103.0929031,-0.0067863
935,Czech Republic,2017,2.451,1,3,2,0.451,102.3768845,-0.0094673
243,Dominican Republic,2017,3.28,3,5,4,-0.72,103.9134903,-0.0121754
184,Spain,2017,1.956,#N/A,#N/A,#N/A,#N/A,102.5652695,-0.0076585
172,Finland,2017,0.839,#N/A,#N/A,#N/A,#N/A,101.9090881,-0.0049057
112,United Kingdom,2017,2.683,1,3,2,0.683,100.3640594,-0.0016336
915,Georgia,2017,6.035,4,6,5,1.035,104.5651169,-0.0137193
652,Ghana,2017,12.372,6,10,8,4.372,97.1222305,0.000239
258,Guatemala,2017,4.425,3,5,4,0.425,103.1600876,-0.0095808
944,Hungary,2017,2.408,2,4,3,-0.592,101.1710052,-0.0053962
536,Indonesia,2017,3.809,3,5,4,-0.191,100.2100067,0.0049166
534,India,2017,3.602,2,6,4,-0.398,103.4279556,-0.0116596
176,Iceland,2017,1.761,1,4,2.5,-0.739,110.0913086,0.0142167
436,Israel,2017,0.242,1,3,2,-1.758,102.7693024,-0.0079608
343,Jamaica,2017,4.383,#N/A,#N/A,#N/A,#N/A,107.9734955,-0.0242679
158,Japan,2017,0.468,1,3,2,-1.532,102.5621109,-0.0095588
916,Kazakhstan,2017,7.429,3,5,4,3.429,84.8338394,0.0510524
664,Kenya,2017,7.985,#N/A,#N/A,#N/A,#N/A,104.2087326,-0.0081276
542,"Korea, Rep.",2017,1.944,1,3,2,-0.056,105.2290955,-0.0206997
921,Moldova,2017,6.576,5,6.5,5.75,0.826,102.9254227,-0.0158815
273,Mexico,2017,6.041,2,4,3,3.041,99.462059,0.0012051
142,Norway,2017,1.875,1.5,3.5,2.5,-0.625,91.388031,0.0331245
196,New Zealand,2017,1.854,1,3,2,-0.146,102.7309952,-0.00048
293,Peru,2017,2.804,1,3,2,0.804,100.5158005,0.0123682
566,Philippines,2017,2.853,2,4,3,-0.147,102.6703339,-0.0061186
964,Poland,2017,1.975,1.5,3.5,2.5,-0.525,101.9906311,-0.0042723
288,Paraguay,2017,3.603,4.5,6.5,5.5,-1.897,99.6870117,-0.0081349
968,Romania,2017,1.344,#N/A,#N/A,#N/A,#N/A,100.6487579,-0.0027383
922,Russian Federation,2017,3.683,3,5,4,-0.317,91.3029022,0.033529
942,Serbia,2017,3.131,#N/A,#N/A,#N/A,#N/A,101.7991028,-0.009643
718,Seychelles,2017,2.859,#N/A,#N/A,#N/A,#N/A,123.0411377,-0.0302388
524,Sri Lanka,2017,6.581,#N/A,#N/A,#N/A,#N/A,103.7704315,-0.0054658
144,Sweden,2017,1.867,1,3,2,-0.133,100.8155975,-0.0020661
578,Thailand,2017,0.665,1.5,3.5,2.5,-1.835,103.9582672,-0.0161765
186,Turkey,2017,11.144,3,7,5,6.144,101.4901047,-0.0057785
746,Uganda,2017,5.629,2,8,5,0.629,102.834404,-0.008649
926,Ukraine,2017,14.443,12,18,15,-0.557,100.9863281,-0.0173443
298,Uruguay,2017,6.218,3,7,5,1.218,101.5454636,-0.0044601
927,Uzbekistan,2017,13.876,#N/A,#N/A,#N/A,#N/A,#N/A,#N/A
199,South Africa,2017,5.273,3,6,4.5,0.773,101.5939407,-0.0009775
914,Albania,2018,2.03,2,4,3,-0.97,101.2842712,-0.0005232
213,Argentina,2018,34.28,8,12,10,24.28,98.8974686,-0.0025188
911,Armenia,2018,2.52,2.5,5.5,4,-1.48,102.8361435,-0.0167769
193,Australia,2018,1.91,2,3,2.5,-0.59,98.4759369,0.0025116
223,Brazil,2018,3.66,3,6,4.5,-0.84,98.8756638,-0.0046766
156,Canada,2018,2.27,1,3,2,0.27,98.8012085,0.010487
228,Chile,2018,2.44,2,4,3,-0.56,101.3187332,-0.0053279
233,Colombia,2018,3.24,2,4,3,0.24,97.7953339,0.0136211
238,Costa Rica,2018,2.22,#N/A,#N/A,#N/A,#N/A,102.1322632,-0.0094058
935,Czech Republic,2018,2.15,1,3,2,0.15,101.5576706,-0.0080665
243,Dominican Republic,2018,3.56,3,5,4,-0.44,102.5428162,-0.0133668
184,Spain,2018,1.68,#N/A,#N/A,#N/A,#N/A,101.7651901,-0.007862
172,Finland,2018,1.08,#N/A,#N/A,#N/A,#N/A,101.5283661,-0.0037499
112,United Kingdom,2018,2.32,1,3,2,0.32,100.1981049,-0.0016563
915,Georgia,2018,2.62,2,4,3,-0.38,102.7436676,-0.0177281
652,Ghana,2018,9.84,6,10,8,1.84,98.5288696,0.0142764
258,Guatemala,2018,3.75,3,5,4,-0.25,101.2332077,-0.0190341
944,Hungary,2018,2.85,2,4,3,-0.15,100.8188858,-0.0034926
536,Indonesia,2018,3.2,2.5,4.5,3.5,-0.3,99.7245712,-0.0048678
534,India,2018,4.86,2,6,4,0.86,102.3018036,-0.0110081
176,Iceland,2018,2.68,1,3,2,0.68,109.5870132,-0.0046018
436,Israel,2018,0.81,1,3,2,-1.19,101.9194031,-0.0083389
343,Jamaica,2018,3.73,#N/A,#N/A,#N/A,#N/A,104.8693008,-0.0296006
158,Japan,2018,0.98,1,3,2,-1.02,101.5728455,-0.0097395
916,Kazakhstan,2018,6.02,5,7,6,0.02,89.7676163,0.0549617
664,Kenya,2018,4.69,#N/A,#N/A,#N/A,#N/A,102.447403,-0.0171925
542,"Korea, Rep.",2018,1.48,1,3,2,-0.52,103.191803,-0.0197428
921,Moldova,2018,3.05,3.5,6.5,5,-1.95,101.3004379,-0.0160412
273,Mexico,2018,4.9,2,4,3,1.9,99.5449142,0.0008323
142,Norway,2018,2.76,1.5,3.5,2.5,0.26,95.057251,0.0386001
196,New Zealand,2018,1.6,1,3,2,-0.4,102.2797623,-0.0044118
293,Peru,2018,1.32,1,3,2,-0.68,100.4408035,-0.0007467
566,Philippines,2018,5.26,2,4,3,2.26,101.8746109,-0.0078108
964,Poland,2018,1.81,1.5,3.5,2.5,-0.69,101.3755341,-0.0060675
288,Paraguay,2018,3.96,2,6,4,-0.04,98.1161957,-0.0160098
968,Romania,2018,4.64,#N/A,#N/A,#N/A,#N/A,100.535759,-0.001124
922,Russian Federation,2018,2.88,3,5,4,-1.12,94.8816757,0.0377183
942,Serbia,2018,1.95,#N/A,#N/A,#N/A,#N/A,100.8170319,-0.0097411
718,Seychelles,2018,3.7,#N/A,#N/A,#N/A,#N/A,118.4902344,-0.0384074
524,Sri Lanka,2018,2.14,#N/A,#N/A,#N/A,#N/A,102.3047562,-0.0143266
144,Sweden,2018,1.95,1,3,2,-0.05,100.5177002,-0.0029636
578,Thailand,2018,1.07,1,4,2.5,-1.43,101.3639221,-0.0255944
186,Turkey,2018,16.33,3,7,5,11.33,101.2032013,-0.0028349
746,Uganda,2018,2.62,2,8,5,-2.38,101.6406403,-0.0117449
926,Ukraine,2018,10.94,6,10,8,2.94,98.8596344,-0.0215123
298,Uruguay,2018,7.61,3,7,5,2.61,100.7614365,-0.007781
927,Uzbekistan,2018,17.68,#N/A,#N/A,#N/A,#N/A,#N/A,#N/A
199,South Africa,2018,4.5,3,6,4.5,0,100.7989578,-0.0078868
914,Albania,2019,1.411000013,2,4,3,-1.588999987,101.6750488,0.0038434
213,Argentina,2019,53.54800034,4,6,5,48.54800034,98.8864517,-0.0001114
911,Armenia,2019,1.442999959,2.5,5.5,4,-2.557000041,105.0667953,0.0212308
193,Australia,2019,1.610000014,2,3,2.5,-0.889999986,98.3595276,-0.0011835
223,Brazil,2019,3.73300004,2.75,5.75,4.25,-0.51699996,99.3062057,0.0043355
156,Canada,2019,1.949000001,1,3,2,-0.050999999,98.0897751,-0.0072529
228,Chile,2019,2.253000021,2,4,3,-0.746999979,100.7541962,-0.0056031
233,Colombia,2019,3.520999908,2,4,3,0.520999908,96.6519775,-0.0118296
238,Costa Rica,2019,2.096999884,2,4,3,-0.903000116,102.5922394,0.0044835
935,Czech Republic,2019,2.855999947,1,3,2,0.855999947,102.4224091,0.0084429
243,Dominican Republic,2019,1.81099999,3,5,4,-2.18900001,103.7552719,0.0116857
184,Spain,2019,0.699999988,#N/A,#N/A,#N/A,#N/A,102.3553848,0.0057661
172,Finland,2019,1.136999965,#N/A,#N/A,#N/A,#N/A,101.6767349,0.0014592
112,United Kingdom,2019,1.791000009,1,3,2,-0.208999991,100.4385452,0.0023939
915,Georgia,2019,4.853000164,2,4,3,1.853000164,104.6302872,0.0180313
652,Ghana,2019,7.176000118,6,10,8,-0.823999882,98.1374435,-0.0039885
258,Guatemala,2019,3.700000048,3,5,4,-0.299999952,101.9222488,0.0067605
944,Hungary,2019,3.371000051,2,4,3,0.371000051,101.0320816,0.0021102
536,Indonesia,2019,2.819999933,2.5,4.5,3.5,-0.680000067,98.4248428,-0.0132053
534,India,2019,4.762000084,2,6,4,0.762000084,103.2941818,0.0096073
176,Iceland,2019,3.013000011,1.5,3.5,2.5,0.513000011,107.2005081,-0.0222621
436,Israel,2019,0.842000008,1,3,2,-1.157999992,102.4594955,0.0052713
343,Jamaica,2019,3.910000086,4,6,5,-1.089999914,106.5368805,0.0156526
158,Japan,2019,0.476999998,1,3,2,-1.523000002,102.68927,0.0108719
916,Kazakhstan,2019,5.243999958,4,6,5,0.243999958,86.9663162,-0.0322113
664,Kenya,2019,5.203999996,#N/A,#N/A,#N/A,#N/A,103.0115891,0.0054769
542,"Korea, Rep.",2019,0.382999986,1,3,2,-1.617000014,105.2183456,0.0192604
921,Moldova,2019,4.848999977,3.5,6.5,5,-0.151000023,102.5654984,0.0123342
273,Mexico,2019,3.63499999,2,4,3,0.63499999,99.7265244,0.0018211
142,Norway,2019,2.167999983,1,3,2,0.167999983,90.3431015,-0.0521805
196,New Zealand,2019,1.620000005,1,3,2,-0.379999995,102.3766251,0.0009461
293,Peru,2019,2.135999918,1,3,2,0.135999918,99.7391663,-0.0070347
566,Philippines,2019,2.480000019,2,4,3,-0.519999981,102.4761353,0.0058699
964,Poland,2019,2.308000088,1.5,3.5,2.5,-0.191999912,101.7267838,0.0034529
288,Paraguay,2019,2.756999969,3,5,4,-1.243000031,98.2515869,0.001378
968,Romania,2019,3.825000048,1.5,3.5,2.5,1.325000048,100.8414307,0.0030312
922,Russian Federation,2019,4.46999979,3,5,4,0.46999979,92.0014038,-0.0313068
942,Serbia,2019,1.850000024,1.5,4.5,3,-1.149999976,102.1015625,0.0125809
718,Seychelles,2019,1.807000041,0.01,4,2.005,-0.197999959,119.2565765,0.006426
524,Sri Lanka,2019,4.302999973,#N/A,#N/A,#N/A,#N/A,102.8446579,0.0052497
144,Sweden,2019,1.639000058,1,3,2,-0.360999942,100.8681488,0.0034743
578,Thailand,2019,0.70599997,1,4,2.5,-1.79400003,103.124321,0.0170706
186,Turkey,2019,15.17700005,3,7,5,10.17700005,101.3211212,0.0011638
746,Uganda,2019,2.869999886,2,8,5,-2.130000114,101.9826584,0.0033537
926,Ukraine,2019,7.886000156,3.5,7.5,5.5,2.386000156,103.0178909,0.0403644
298,Uruguay,2019,7.881999969,3,7,5,2.881999969,100.9996414,0.0023585
927,Uzbekistan,2019,14.52600002,#N/A,#N/A,#N/A,#N/A,#N/A,#N/A
199,South Africa,2019,4.130000114,3,6,4.5,-0.369999886,101.2125244,0.0040861
914,Albania,2020,1.620886617,2,4,3,-1.379113383,101.7382126,0.0006208
213,Argentina,2020,42.01509476,#N/A,#N/A,#N/A,#N/A,99.4360199,0.0055269
911,Armenia,2020,1.211435778,2.5,5.5,4,-2.788564222,107.2250748,0.0201285
193,Australia,2020,0.846905537,2,3,2.5,-1.653094463,98.7542953,0.0039975
223,Brazil,2020,3.211768038,2.5,5.5,4,-0.788231962,99.967659,0.0066167
156,Canada,2020,0.716999632,1,3,2,-1.283000368,97.0109024,-0.0111211
228,Chile,2020,3.045490848,2,4,3,0.045490848,103.3836746,0.0254342
233,Colombia,2020,2.524620535,2,4,3,-0.475379465,94.4339523,-0.0234876
238,Costa Rica,2020,0.724911478,2,4,3,-2.275088522,104.0410233,0.0139251
935,Czech Republic,2020,3.161295285,1,3,2,1.161295285,103.7501373,0.0127974
243,Dominican Republic,2020,3.781031795,3,5,4,-0.218968205,105.9073792,0.0203207
184,Spain,2020,-0.322671033,#N/A,#N/A,#N/A,#N/A,103.4944534,0.0110061
172,Finland,2020,0.290554556,#N/A,#N/A,#N/A,#N/A,102.3927841,0.0069932
112,United Kingdom,2020,0.989486704,1,3,2,-1.010513296,100.6641998,0.0022417
915,Georgia,2020,5.20246489,2,4,3,2.20246489,107.0671234,0.0227599
652,Ghana,2020,9.95344087,6,10,8,1.95344087,96.4869461,-0.0171059
258,Guatemala,2020,3.214440622,3,5,4,-0.785559378,103.9799652,0.0197895
944,Hungary,2020,3.326743858,2,4,3,0.326743858,101.9165726,0.0086786
536,Indonesia,2020,1.920968006,2,4,3,-1.079031994,99.0755463,0.0065678
534,India,2020,6.623436776,2,6,4,2.623436776,104.9367447,0.0156529
176,Iceland,2020,2.847924015,1.5,3.5,2.5,0.347924015,107.6766968,0.0044224
436,Israel,2020,-0.5884303,1,3,2,-2.5884303,103.7140503,0.0120963
343,Jamaica,2020,5.226777793,4,6,5,0.226777793,111.2516861,0.0423796
158,Japan,2020,-0.016369291,1,3,2,-2.016369291,104.0218735,0.0128108
916,Kazakhstan,2020,6.749001838,4,6,5,1.749001838,80.3523407,-0.0823122
664,Kenya,2020,5.404814672,#N/A,#N/A,#N/A,#N/A,104.7633591,0.0167212
542,"Korea, Rep.",2020,0.537258393,1,3,2,-1.462741607,107.8682938,0.0245665
921,Moldova,2020,3.765971222,3.5,6.5,5,-1.234028778,105.44104,0.0272716
273,Mexico,2020,3.396834156,2,4,3,0.396834156,99.423172,-0.0030511
142,Norway,2020,1.286584907,1,3,2,-0.713415093,85.5109406,-0.0565093
196,New Zealand,2020,1.7145617,1,3,2,-0.2854383,103.1933136,0.0079142
293,Peru,2020,1.826052698,1,3,2,-0.173947302,100.1947327,0.0045468
566,Philippines,2020,2.635228849,2,4,3,-0.364771151,103.6663513,0.0114812
964,Poland,2020,3.374469726,1.5,3.5,2.5,0.874469726,102.6202545,0.0087066
288,Paraguay,2020,1.767515924,2,6,4,-2.232484076,100.7347946,0.0246509
968,Romania,2020,2.631073112,1.5,3.5,2.5,0.131073112,101.382988,0.0053417
922,Russian Federation,2020,3.381659372,3,5,4,-0.618340628,87.2479019,-0.0544827
942,Serbia,2020,1.575532901,1.5,4.5,3,-1.424467099,103.7796249,0.0161695
718,Seychelles,2020,3.898000002,0.01,4,2.005,1.893000002,124.4862137,0.0420098
524,Sri Lanka,2020,6.153945084,4,6,5,1.153945084,104.276268,0.013729
144,Sweden,2020,0.497367319,1,3,2,-1.502632681,101.5352249,0.0065699
578,Thailand,2020,-0.845937147,1,3,2,-2.845937147,106.1778488,0.0287586
186,Turkey,2020,12.279,3,5,4,8.279,101.5676651,0.0024274
746,Uganda,2020,3.794422749,2,8,5,-1.205577251,103.3080597,0.0128296
926,Ukraine,2020,2.732492094,4,6,5,-2.267507906,107.7115097,0.0435758
298,Uruguay,2020,9.756406361,3,7,5,4.756406361,102.2725449,0.0124462
927,Uzbekistan,2020,12.855,#N/A,#N/A,#N/A,#N/A,#N/A,#N/A
199,South Africa,2020,3.223885042,3,6,4.5,-1.276114958,102.6994095,0.014478
914,Albania,2021,2.041471631,2,4,3,-0.958528369,100.6478577,-0.0108334
213,Argentina,2021,48.40938,#N/A,#N/A,#N/A,#N/A,99.6171646,0.0018184
911,Armenia,2021,7.184836294,2.5,5.5,4,3.184836294,101.0709229,-0.0608894
193,Australia,2021,2.86391,2,3,2.5,0.36391,103.0566864,0.0417478
223,Brazil,2021,8.30166,2.25,5.25,3.75,4.55166,100.2933426,0.0032473
156,Canada,2021,3.395193,1,3,2,1.395193,99.566864,0.0256708
228,Chile,2021,4.524569,2,4,3,1.524569,105.5723343,0.0207314
233,Colombia,2021,3.495146,2,4,3,0.495146,98.0126801,0.0365129
238,Costa Rica,2021,1.726478,2,4,3,-1.273522,102.1791534,-0.0182216
935,Czech Republic,2021,3.839845,1,3,2,1.839845,100.9941483,-0.0272886
243,Dominican Republic,2021,8.242920754,3,5,4,4.242920754,101.8982391,-0.0393445
184,Spain,2021,3.093135,#N/A,#N/A,#N/A,#N/A,100.9830856,-0.0248692
172,Finland,2021,2.194574,#N/A,#N/A,#N/A,#N/A,101.1404877,-0.0123818
112,United Kingdom,2021,2.5,1,3,2,0.5,100.0372238,-0.0062674
915,Georgia,2021,9.566914338,2,4,3,6.566914338,101.2548447,-0.0574025
652,Ghana,2021,9.972420621,6,10,8,1.972420621,98.3389282,0.0188326
258,Guatemala,2021,4.261051274,3,5,4,0.261051274,101.9318924,-0.0200926
944,Hungary,2021,5.110965,2,4,3,2.110965,101.6007233,-0.0031087
536,Indonesia,2021,1.560136,2,4,3,-1.439864,102.446022,0.0329
534,India,2021,4.890086,2,6,4,0.890086,101.4057007,-0.034821
176,Iceland,2021,4.444243,1.5,3.5,2.5,1.944243,109.581749,0.0173848
436,Israel,2021,1.492288,1,3,2,-0.507712,101.6532745,-0.0202726
343,Jamaica,2021,5.859993665,4,6,5,0.859993665,104.7014465,-0.0625611
158,Japan,2021,-0.2333528,1,3,2,-2.2333528,100.4588165,-0.0354678
916,Kazakhstan,2021,6.424,4,6,5,1.424,90.7428818,0.1145053
664,Kenya,2021,6.110909164,2.5,7.5,5,1.110909164,101.5878372,-0.0312589
542,"Korea, Rep.",2021,2.498333,1,3,2,0.498333,100.7841492,-0.0702903
921,Moldova,2021,5.10641129,3.5,6.5,5,0.10641129,102.3426056,-0.0302751
273,Mexico,2021,5.689209,2,4,3,2.689209,99.0643387,-0.0036222
142,Norway,2021,3.483881,1,3,2,1.483881,98.7736893,0.1342741
196,New Zealand,2021,3.941121,1,3,2,1.941121,102.6819839,-0.0049797
293,Peru,2021,4.271663815,1,3,2,2.271663815,102.0883942,0.0185492
566,Philippines,2021,3.927180221,2,4,3,0.927180221,101.8620987,-0.0177127
964,Poland,2021,5.1,1.5,3.5,2.5,2.6,101.4689178,-0.0113467
288,Paraguay,2021,4.787983101,2,6,4,0.787983101,102.2600174,0.0149151
968,Romania,2021,5.046275502,1.5,3.5,2.5,2.546275502,100.9374237,-0.0044143
922,Russian Federation,2021,6.694456,3,5,4,2.694456,96.7228317,0.0979596
942,Serbia,2021,4.085102853,1.5,4.5,3,1.085102853,100.6952286,-0.030631
718,Seychelles,2021,9.76909937,0.01,4,2.005,7.76409937,116.1842041,-0.0714556
524,Sri Lanka,2021,7.014780712,4,6,5,2.014780712,101.5165024,-0.0271854
144,Sweden,2021,2.163197,1,3,2,0.163197,100.8777618,-0.0065174
578,Thailand,2021,1.230395413,1,3,2,-0.769604587,100.7796631,-0.0535642
186,Turkey,2021,19.59649,3,5,4,15.59649,100.123024,-0.0144287
746,Uganda,2021,2.207300898,2,8,5,-2.792699102,101.4851074,-0.0179628
926,Ukraine,2021,9.360625036,4,6,5,4.360625036,101.5157013,-0.061033
298,Uruguay,2021,7.747914023,3,7,5,2.747914023,101.9849854,-0.0028196
927,Uzbekistan,2021,10.69086661,9,11,10,0.690866607,#N/A,#N/A
199,South Africa,2021,4.609059,3,6,4.5,0.109059,102.4545593,-0.0023898
